survived,pclass,sex,age,sibsp,parch,fare,embarked,class,who,adult_male,deck,embark_town,alive,alone,family_size,is_alone,age_group,fare_per_person,title,fare_bin,sex_male,embarked_C,embarked_Q,embarked_S,pclass_1,pclass_2,pclass_3,age_group_Child,age_group_Teen,age_group_Adult,age_group_Middle_Age,age_group_Senior,title_child,title_man,title_woman,fare_bin_Low,fare_bin_Medium,fare_bin_High,fare_bin_Very_High,deck_A,deck_B,deck_C,deck_D,deck_E,deck_F,deck_G
0,3,male,-0.544795716251218,1,0,-0.529048807969089,S,Third,man,True,,Southampton,no,False,0.035513783200323175,0,Adult,-0.4686784306336028,man,Low,1,False,False,True,False,False,True,False,False,True,False,False,False,True,False,True,False,False,False,False,False,False,False,False,False,False
1,1,female,0.5987349402444708,1,0,0.6958842991242256,C,First,woman,False,C,Cherbourg,yes,False,0.035513783200323175,0,Middle_Age,0.3751793683094511,woman,Very_High,0,True,False,False,True,False,False,False,False,False,True,False,False,False,True,False,False,False,True,False,False,True,False,False,False,False
1,3,female,-0.2589130521272958,0,0,-0.5161363101392413,S,Third,woman,False,,Southampton,yes,True,-0.6223367722723301,1,Adult,-0.3553440082172934,woman,Low,0,False,False,True,False,False,True,False,False,True,False,False,False,False,True,True,False,False,False,False,False,False,False,False,False,False
1,1,female,0.3843229421515292,1,0,0.3480445631398259,S,First,woman,False,C,Southampton,yes,False,0.035513783200323175,0,Adult,0.13555218189986065,woman,Very_High,0,False,False,True,True,False,False,False,False,True,False,False,False,False,True,False,False,False,True,False,False,True,False,False,False,False
0,3,male,0.3843229421515292,0,0,-0.5137451068374177,S,Third,man,True,,Southampton,no,True,-0.6223367722723301,1,Adult,-0.3520494029144937,man,Low,1,False,False,True,False,False,True,False,False,True,False,False,False,True,False,True,False,False,False,False,False,False,False,False,False,False
0,3,male,-0.3303837181582764,0,0,-0.5059344803723409,Q,Third,man,True,,Queenstown,no,True,-0.6223367722723301,1,Adult,-0.34128790415342886,man,Medium,1,False,True,False,False,False,True,False,False,True,False,False,False,True,False,False,True,False,False,False,False,False,False,False,False,False
0,1,male,1.7422655967401597,0,0,0.32437165045177163,S,First,man,True,E,Southampton,no,True,-0.6223367722723301,1,Middle_Age,0.8027097557167981,man,Very_High,1,False,False,True,True,False,False,False,False,False,True,False,False,True,False,False,False,False,True,False,False,False,False,True,False,False
0,3,male,-1.9742090368708292,3,1,-0.26458172278739334,S,Third,child,False,,Southampton,no,False,2.009065449618283,0,Child,-0.45312789360438827,child,High,1,False,False,True,False,False,True,True,False,False,False,False,True,False,False,False,False,True,False,False,False,False,False,False,False,False
1,3,female,-0.18744238609631528,0,2,-0.45476272971331483,S,Third,woman,False,,Southampton,yes,False,0.6933643386729765,0,Adult,-0.46640910650103445,woman,Medium,0,False,False,True,False,False,True,False,False,True,False,False,False,False,True,False,True,False,False,False,False,False,False,False,False,False
1,2,female,-1.1165610444990626,1,0,-0.09249542948703181,C,Second,child,False,,Cherbourg,yes,False,0.035513783200323175,0,Teen,-0.16793631585707802,child,High,0,True,False,False,False,True,False,False,True,False,False,False,True,False,False,False,False,True,False,False,False,False,False,False,False,False
1,3,female,-1.8312677048088681,1,1,-0.3482738383512211,S,Third,child,False,G,Southampton,yes,False,0.6933643386729765,0,Child,-0.41750222826344763,child,High,0,False,False,True,False,False,True,True,False,False,False,False,True,False,False,False,False,True,False,False,False,False,False,False,False,True
1,1,female,2.0281482608640817,0,0,-0.15984701816751742,S,First,woman,False,C,Southampton,yes,True,-0.6223367722723301,1,Middle_Age,0.13555218189986065,woman,High,0,False,False,True,True,False,False,False,False,False,True,False,False,False,True,False,False,True,False,False,False,True,False,False,False,False
0,3,male,-0.6877370483131792,0,0,-0.5137451068374177,S,Third,man,True,,Southampton,no,True,-0.6223367722723301,1,Adult,-0.3520494029144937,man,Low,1,False,False,True,False,False,True,False,False,True,False,False,False,True,False,True,False,False,False,False,False,False,False,False,False,False
0,3,male,0.6702056062754514,1,5,-0.06945953335858349,S,Third,man,True,,Southampton,no,False,3.324766560563589,0,Middle_Age,-0.44646337773472494,man,High,1,False,False,True,False,False,True,False,False,False,True,False,False,True,False,False,False,True,False,False,False,False,False,False,False,False
0,3,female,-1.1165610444990626,0,0,-0.5174906876893942,S,Third,child,False,,Southampton,no,True,-0.6223367722723301,1,Teen,-0.3572100726607992,child,Low,0,False,False,True,False,False,True,False,True,False,False,False,True,False,False,True,False,False,False,False,False,False,False,False,False,False
1,2,female,1.8137362627711402,0,0,-0.3616645768414335,S,Second,woman,False,,Southampton,yes,True,-0.6223367722723301,1,Middle_Age,-0.14251250565643334,woman,Medium,0,False,False,True,False,True,False,False,False,False,True,False,False,False,True,False,True,False,False,False,False,False,False,False,False,False
0,3,male,-1.9742090368708292,4,1,-0.11058823014995024,Q,Third,child,False,,Queenstown,no,False,2.666916005090936,0,Child,-0.4362814784894058,child,High,1,False,True,False,False,False,True,True,False,False,False,False,True,False,False,False,False,True,False,False,False,False,False,False,False,False
1,2,male,0.026969611996626397,0,0,-0.4190534560852011,S,Second,man,True,,Southampton,yes,True,-0.6223367722723301,1,Adult,-0.22158303292362594,man,Medium,1,False,False,True,False,True,False,False,False,True,False,False,False,True,False,False,True,False,False,False,False,False,False,False,False,False
0,3,female,0.09844027802760695,1,0,-0.32340532401225514,S,Third,woman,False,,Southampton,no,False,0.035513783200323175,0,Adult,-0.32701040261321607,woman,High,0,False,False,True,False,False,True,False,False,True,False,False,False,False,True,False,False,True,False,False,False,False,False,False,False,False
1,3,female,-0.5805310492667083,0,0,-0.5295270486294538,C,Third,woman,False,,Cherbourg,yes,True,-0.6223367722723301,1,Adult,-0.3737937979129717,woman,Low,0,True,False,False,False,False,True,False,False,True,False,False,False,False,True,True,False,False,False,False,False,False,False,False,False,False
0,2,male,0.3843229421515292,0,0,-0.1703683126955415,S,Second,man,True,,Southampton,no,True,-0.6223367722723301,1,Adult,0.12105591856754198,man,High,1,False,False,True,False,True,False,False,False,True,False,False,False,True,False,False,False,True,False,False,False,False,False,False,False,False
1,2,male,0.3128522761205486,0,0,-0.4190534560852011,S,Second,man,True,D,Southampton,yes,True,-0.6223367722723301,1,Adult,-0.22158303292362594,man,Medium,1,False,False,True,False,True,False,False,False,True,False,False,False,True,False,False,True,False,False,False,False,False,True,False,False,False
1,3,female,-1.0450903784680818,0,0,-0.5141430030668411,Q,Third,child,False,,Queenstown,yes,True,-0.6223367722723301,1,Teen,-0.3525976252368796,child,Low,0,False,True,False,False,False,True,False,True,False,False,False,True,False,False,True,False,False,False,False,False,False,False,False,False,False
1,1,male,-0.11597172006533471,0,0,0.011363138243055909,S,First,man,True,A,Southampton,yes,True,-0.6223367722723301,1,Adult,0.3714459215803185,man,Very_High,1,False,False,True,True,False,False,False,False,True,False,False,False,True,False,False,False,False,True,True,False,False,False,False,False,False
0,3,female,-1.5453850406849459,3,1,-0.26458172278739334,S,Third,child,False,,Southampton,no,False,2.009065449618283,0,Child,-0.45312789360438827,child,High,0,False,False,True,False,False,True,True,False,False,False,False,True,False,False,False,False,True,False,False,False,False,False,False,False,False
1,3,female,0.5987349402444708,1,5,-0.06730745038694219,S,Third,woman,False,,Southampton,yes,False,3.324766560563589,0,Middle_Age,-0.44603978562436497,woman,High,0,False,False,True,False,False,True,False,False,False,True,False,False,False,True,False,False,True,False,False,False,False,False,False,False,False
0,3,male,-0.3303837181582764,0,0,-0.5295270486294538,C,Third,man,True,,Cherbourg,no,True,-0.6223367722723301,1,Adult,-0.3737937979129717,man,Low,1,True,False,False,False,False,True,False,False,True,False,False,False,True,False,True,False,False,False,False,False,False,False,False,False,False
0,1,male,-0.7592077143441597,3,2,4.3633531475620995,S,First,man,True,C,Southampton,no,False,2.666916005090936,0,Adult,0.5910862751002981,man,Very_High,1,False,False,True,True,False,False,False,False,True,False,False,False,True,False,False,False,False,True,False,False,True,False,False,False,False
1,3,female,-0.5805310492667083,0,0,-0.5170124470290295,Q,Third,woman,False,,Queenstown,yes,True,-0.6223367722723301,1,Adult,-0.3565511516002392,woman,Low,0,False,True,False,False,False,True,False,False,True,False,False,False,False,True,True,False,False,False,False,False,False,False,False,False,False
0,3,male,-0.3303837181582764,0,0,-0.5166948952305473,S,Third,man,True,,Southampton,no,True,-0.6223367722723301,1,Adult,-0.3561136280160274,man,Low,1,False,False,True,False,False,True,False,False,True,False,False,False,True,False,True,False,False,False,False,False,False,False,False,False,False
0,1,male,0.741676272306432,0,0,-0.1374500515613164,C,First,man,True,,Cherbourg,no,True,-0.6223367722723301,1,Middle_Age,0.16641077300800367,man,High,1,True,False,False,True,False,False,False,False,False,True,False,False,True,False,False,False,True,False,False,False,False,False,False,False,False
1,1,female,0.3843229421515292,1,0,2.1351495664918807,C,First,woman,False,B,Cherbourg,yes,False,0.035513783200323175,0,Adult,1.3666908341870183,woman,Very_High,0,True,False,False,True,False,False,False,False,True,False,False,False,False,True,False,False,False,True,False,True,False,False,False,False,False
1,3,female,-0.5805310492667083,0,0,-0.5194839947617944,Q,Third,woman,False,,Queenstown,yes,True,-0.6223367722723301,1,Adult,-0.359956455641213,woman,Low,0,False,True,False,False,False,True,False,False,True,False,False,False,False,True,True,False,False,False,False,False,False,False,False,False,False
0,2,male,2.5999135891119263,0,0,-0.4668775221216741,S,Second,man,True,,Southampton,no,True,-0.6223367722723301,1,Senior,-0.2874751389796198,man,Medium,1,False,False,True,False,True,False,False,False,False,False,True,False,True,False,False,True,False,False,False,False,False,False,False,False,False
0,1,male,-0.11597172006533471,1,0,0.9041581067130656,C,First,man,True,,Cherbourg,no,False,0.035513783200323175,0,Adult,0.5186594292463778,man,Very_High,1,True,False,False,True,False,False,False,False,True,False,False,False,True,False,False,False,False,True,False,False,False,False,False,False,False
0,1,male,0.8846176043683931,1,0,0.32700197408377774,S,First,man,True,,Southampton,no,False,0.035513783200323175,0,Middle_Age,0.12105591856754198,man,Very_High,1,False,False,True,True,False,False,False,False,False,True,False,False,True,False,False,False,False,True,False,False,False,False,False,False,False
1,3,male,-0.3303837181582764,0,0,-0.5294467041985125,C,Third,man,True,,Cherbourg,yes,True,-0.6223367722723301,1,Adult,-0.37368309917479764,man,Low,1,True,False,False,False,False,True,False,False,True,False,False,False,True,False,True,False,False,False,False,False,False,False,False,False,False
0,3,male,-0.6162663822821985,0,0,-0.5137451068374177,S,Third,man,True,,Southampton,no,True,-0.6223367722723301,1,Adult,-0.3520494029144937,man,Low,1,False,False,True,False,False,True,False,False,True,False,False,False,True,False,True,False,False,False,False,False,False,False,False,False,False
0,3,female,-0.8306783803751403,2,0,-0.32340532401225514,S,Third,woman,False,,Southampton,no,False,0.6933643386729765,0,Teen,-0.40608092988040867,woman,High,0,False,False,True,False,False,True,False,True,False,False,False,False,False,True,False,False,True,False,False,False,False,False,False,False,False
1,3,female,-1.1165610444990626,1,0,-0.4526890782099733,C,Third,child,False,,Cherbourg,yes,False,0.035513783200323175,0,Teen,-0.41607412668486066,child,Medium,0,True,False,False,False,False,True,False,True,False,False,False,True,False,False,False,True,False,False,False,False,False,False,False,False,False
0,3,female,0.741676272306432,1,0,-0.48648538919662804,S,Third,woman,False,,Southampton,no,False,0.035513783200323175,0,Middle_Age,-0.4393564434386855,woman,Medium,0,False,False,True,False,False,True,False,False,False,True,False,False,False,True,False,True,False,False,False,False,False,False,False,False,False
0,2,female,-0.18744238609631528,1,0,-0.2660164447684875,S,Second,woman,False,,Southampton,no,False,0.035513783200323175,0,Adult,-0.2874751389796198,woman,High,0,False,False,True,False,True,False,False,False,True,False,False,False,False,True,False,False,True,False,False,False,False,False,False,False,False
0,3,male,-0.3303837181582764,0,0,-0.5166948952305473,C,Third,man,True,,Cherbourg,no,True,-0.6223367722723301,1,Adult,-0.3561136280160274,man,Low,1,True,False,False,False,False,True,False,False,True,False,False,False,True,False,True,False,False,False,False,False,False,False,False,False,False
1,2,female,-1.9027383708398486,1,2,0.1276559631426266,C,Second,child,False,,Cherbourg,yes,False,1.3512148941456297,0,Child,-0.290247878802456,child,Very_High,0,True,False,False,False,True,False,True,False,False,False,False,True,False,False,False,False,False,True,False,False,False,False,False,False,False
1,3,female,-0.7592077143441597,0,0,-0.5170124470290295,Q,Third,woman,False,,Queenstown,yes,True,-0.6223367722723301,1,Adult,-0.3565511516002392,woman,Low,0,False,True,False,False,False,True,False,False,True,False,False,False,False,True,True,False,False,False,False,False,False,False,False,False,False
0,3,male,-0.3303837181582764,0,0,-0.5137451068374177,S,Third,man,True,,Southampton,no,True,-0.6223367722723301,1,Adult,-0.3520494029144937,man,Low,1,False,False,True,False,False,True,False,False,True,False,False,False,True,False,True,False,False,False,False,False,False,False,False,False,False
0,3,male,-0.3303837181582764,1,0,-0.3712293900487281,Q,Third,man,True,,Queenstown,no,False,0.035513783200323175,0,Adult,-0.359956455641213,man,Medium,1,False,True,False,False,False,True,False,False,True,False,False,False,True,False,False,True,False,False,False,False,False,False,False,False,False
0,3,male,-0.3303837181582764,2,0,-0.2530236025076985,C,Third,man,True,,Cherbourg,no,False,0.6933643386729765,0,Adult,-0.3737568983335803,man,High,1,True,False,False,False,False,True,False,False,True,False,False,False,True,False,False,False,True,False,False,False,False,False,False,False,False
0,3,female,-0.8306783803751403,1,0,-0.32723124929517294,S,Third,woman,False,,Southampton,no,False,0.035513783200323175,0,Teen,-0.3296460868554558,woman,High,0,False,False,True,False,False,True,False,True,False,False,False,False,False,True,False,False,True,False,False,False,False,False,False,False,False
0,3,male,-1.6168557067159264,4,1,0.09146844885414819,S,Third,child,False,,Southampton,no,False,2.666916005090936,0,Child,-0.3898824538083102,child,Very_High,1,False,False,True,False,False,True,True,False,False,False,False,True,False,False,False,False,False,True,False,False,False,False,False,False,False
0,3,male,-0.6162663822821985,0,0,-0.518527513441065,S,Third,man,True,,Southampton,no,True,-0.6223367722723301,1,Adult,-0.3586386135200931,man,Low,1,False,False,True,False,False,True,False,False,True,False,False,False,True,False,True,False,False,False,False,False,False,False,False,False,False
1,1,female,1.384912266585257,1,0,0.8000623316154372,C,First,woman,False,D,Cherbourg,yes,False,0.035513783200323175,0,Middle_Age,0.4469477323835186,woman,Very_High,0,True,False,False,True,False,False,False,False,False,True,False,False,False,True,False,False,False,True,False,False,False,True,False,False,False
1,2,female,-0.04450105403435416,1,0,-0.1703683126955415,S,Second,woman,False,,Southampton,yes,False,0.035513783200323175,0,Adult,-0.22158303292362594,woman,High,0,False,False,True,False,True,False,False,False,True,False,False,False,False,True,False,False,True,False,False,False,False,False,False,False,False
0,1,male,2.528442923080946,0,1,0.5179003420002463,C,First,man,True,B,Cherbourg,no,False,0.035513783200323175,0,Senior,0.2525660195183367,man,Very_High,1,True,False,False,True,False,False,False,False,False,False,True,False,True,False,False,False,False,True,False,True,False,False,False,False,False
1,1,male,0.741676272306432,0,0,0.011363138243055909,S,First,man,True,C,Southampton,yes,True,-0.6223367722723301,1,Middle_Age,0.3714459215803185,man,Very_High,1,False,False,True,True,False,False,False,False,False,True,False,False,True,False,False,False,False,True,False,False,True,False,False,False,False
1,2,female,-0.6162663822821985,0,0,-0.4668775221216741,S,Second,woman,False,,Southampton,yes,True,-0.6223367722723301,1,Adult,-0.2874751389796198,woman,Medium,0,False,False,True,False,True,False,False,False,True,False,False,False,False,True,False,True,False,False,False,False,False,False,False,False,False
0,3,male,-0.08023638704984444,0,0,-0.5294467041985125,C,Third,man,True,,Cherbourg,no,True,-0.6223367722723301,1,Adult,-0.37368309917479764,man,Low,1,True,False,False,False,False,True,False,False,True,False,False,False,True,False,True,False,False,False,False,False,False,False,False,False,False
1,2,female,-1.7597970387778874,1,2,-0.1368914664700104,S,Second,child,False,,Southampton,yes,False,1.3512148941456297,0,Child,-0.381371390109411,child,High,0,False,False,True,False,True,False,True,False,False,False,False,True,False,False,False,False,True,False,False,False,False,False,False,False,False
0,3,male,-1.330973042592004,5,2,0.22944087936937277,S,Third,child,False,,Southampton,no,False,3.9826171160362427,0,Child,-0.40970499571348834,child,Very_High,1,False,False,True,False,False,True,True,False,False,False,False,True,False,False,False,False,False,True,False,False,False,False,False,False,False
0,3,male,-0.544795716251218,0,0,-0.5294467041985125,C,Third,man,True,,Cherbourg,no,True,-0.6223367722723301,1,Adult,-0.37368309917479764,man,Low,1,True,False,False,False,False,True,False,False,True,False,False,False,True,False,True,False,False,False,False,False,False,False,False,False,False
1,1,female,0.5987349402444708,0,0,0.8626315136922753,S,First,woman,False,B,,yes,True,-0.6223367722723301,1,Middle_Age,1.5443254093770087,woman,Very_High,0,False,False,True,True,False,False,False,False,False,True,False,False,False,True,False,False,False,True,False,True,False,False,False,False,False
0,1,male,1.0990296024613346,1,0,0.9291069654829727,S,First,man,True,C,Southampton,no,False,0.035513783200323175,0,Middle_Age,0.535846726190023,man,Very_High,1,False,False,True,True,False,False,False,False,False,True,False,False,True,False,False,False,False,True,False,False,True,False,False,False,False
0,3,male,-1.8312677048088681,3,2,-0.13402202250782205,S,Third,child,False,,Southampton,no,False,2.666916005090936,0,Child,-0.4416626671506454,child,High,1,False,False,True,False,False,True,True,False,False,False,False,True,False,False,False,False,True,False,False,False,False,False,False,False,False
1,3,male,-0.3303837181582764,1,1,-0.3760921410833167,C,Third,man,True,,Cherbourg,yes,False,0.6933643386729765,0,Adult,-0.4302782683469978,man,Medium,1,True,False,False,False,False,True,False,False,True,False,False,False,True,False,False,True,False,False,False,False,False,False,False,False,False
1,2,female,-0.04450105403435416,0,0,-0.4668775221216741,S,Second,woman,False,F,Southampton,yes,True,-0.6223367722723301,1,Adult,-0.2874751389796198,woman,Medium,0,False,False,True,False,True,False,False,False,True,False,False,False,False,True,False,True,False,False,False,False,False,False,False,True,False
0,3,male,-0.7592077143441597,0,0,-0.5116733682967176,S,Third,man,True,,Southampton,no,True,-0.6223367722723301,1,Adult,-0.34919495688014807,man,Medium,1,False,False,True,False,False,True,False,False,True,False,False,False,True,False,False,True,False,False,False,False,False,False,False,False,False
1,3,female,-0.9021490464061208,4,2,-0.5161363101392413,S,Third,woman,False,,Southampton,yes,False,3.324766560563589,0,Teen,-0.5343822735294367,woman,Low,0,False,False,True,False,False,True,False,True,False,False,False,False,False,True,True,False,False,False,False,False,False,False,False,False,False
0,3,male,-0.2589130521272958,2,0,-0.5020282106584818,S,Third,man,True,,Southampton,no,False,0.6933643386729765,0,Adult,-0.488116601920121,man,Medium,1,False,False,True,False,False,True,False,False,True,False,False,False,True,False,False,True,False,False,False,False,False,False,False,False,False
0,2,male,0.1699109440585875,0,0,-0.4668775221216741,S,Second,man,True,,Southampton,no,True,-0.6223367722723301,1,Adult,-0.2874751389796198,man,Medium,1,False,False,True,False,True,False,False,False,True,False,False,False,True,False,False,True,False,False,False,False,False,False,False,False,False
0,3,female,-0.9736197124371013,5,2,0.22944087936937277,S,Third,woman,False,,Southampton,no,False,3.9826171160362427,0,Teen,-0.40970499571348834,woman,Very_High,0,False,False,True,False,False,True,False,True,False,False,False,False,False,True,False,False,False,True,False,False,False,False,False,False,False
0,2,male,-0.6162663822821985,0,0,0.7382889419974455,S,Second,man,True,,Southampton,no,True,-0.6223367722723301,1,Adult,1.3730059336314246,man,Very_High,1,False,False,True,False,True,False,False,False,True,False,False,False,True,False,False,False,False,True,False,False,False,False,False,False,False
0,3,male,-0.2589130521272958,1,0,-0.3912351533531055,C,Third,man,True,,Cherbourg,no,False,0.035513783200323175,0,Adult,-0.37373844854388466,man,Medium,1,True,False,False,False,False,True,False,False,True,False,False,False,True,False,False,True,False,False,False,False,False,False,False,False,False
1,3,male,0.1699109440585875,0,0,0.4130049485184879,S,Third,man,True,,Southampton,yes,True,-0.6223367722723301,1,Adult,0.9248289137124927,man,Very_High,1,False,False,True,False,False,True,False,False,True,False,False,False,True,False,False,False,False,True,False,False,False,False,False,False,False
0,3,male,-0.3303837181582764,0,0,-0.5213969574032534,S,Third,man,True,F,Southampton,no,True,-0.6223367722723301,1,Adult,-0.36259213988345274,man,Low,1,False,False,True,False,False,True,False,False,True,False,False,False,True,False,True,False,False,False,False,False,False,False,False,True,False
1,2,male,-2.0578297161270767,0,2,-0.1129794334517739,S,Second,child,False,,Southampton,yes,False,0.6933643386729765,0,Child,-0.3094391743316177,child,High,1,False,False,True,False,True,False,True,False,False,False,False,True,False,False,False,False,True,False,False,False,False,False,False,False,False
1,3,female,0.026969611996626397,0,0,-0.4290965099528604,S,Third,woman,False,,Southampton,yes,True,-0.6223367722723301,1,Adult,-0.23542037519538467,woman,Medium,0,False,False,True,False,False,True,False,False,True,False,False,False,False,True,False,True,False,False,False,False,False,False,False,False,False
0,3,male,-0.544795716251218,0,0,-0.49557196174355794,S,Third,man,True,,Southampton,no,True,-0.6223367722723301,1,Adult,-0.32701040261321607,man,Medium,1,False,False,True,False,False,True,False,False,True,False,False,False,True,False,False,True,False,False,False,False,False,False,False,False,False
1,3,male,-0.04450105403435416,0,0,-0.4860071485362633,S,Third,man,True,,Southampton,yes,True,-0.6223367722723301,1,Adult,-0.3138319814020173,man,Medium,1,False,False,True,False,False,True,False,False,True,False,False,False,True,False,False,True,False,False,False,False,False,False,False,False,False
1,3,female,-0.5805310492667083,0,0,-0.5187666337712473,Q,Third,woman,False,,Queenstown,yes,True,-0.6223367722723301,1,Adult,-0.35896807405037306,woman,Low,0,False,True,False,False,False,True,False,False,True,False,False,False,False,True,True,False,False,False,False,False,False,False,False,False,False
0,1,male,-0.11597172006533471,0,0,0.23326680465229066,S,First,man,True,,Southampton,no,True,-0.6223367722723301,1,Adult,0.6771852936801299,man,Very_High,1,False,False,True,True,False,False,False,False,True,False,False,False,True,False,False,False,False,True,False,False,False,False,False,False,False
1,2,female,-0.9021490464061208,0,0,-0.4668775221216741,S,Second,woman,False,,Southampton,yes,True,-0.6223367722723301,1,Teen,-0.2874751389796198,woman,Medium,0,False,False,True,False,True,False,False,True,False,False,False,False,False,True,False,True,False,False,False,False,False,False,False,False,False
1,3,female,0.24138161008956807,3,0,-0.36453402080362185,S,Third,woman,False,,Southampton,yes,False,1.3512148941456297,0,Adult,-0.4597829963160437,woman,Medium,0,False,False,True,False,False,True,False,False,True,False,False,False,False,True,False,True,False,False,False,False,False,False,False,False,False
0,3,male,-0.9736197124371013,1,3,-0.010157691473356942,S,Third,man,True,,Southampton,no,False,2.009065449618283,0,Teen,-0.38301869276081085,man,High,1,False,False,True,False,False,True,False,True,False,False,False,False,True,False,False,False,True,False,False,False,False,False,False,False,False
1,1,female,-0.47332505022023746,3,2,4.3633531475620995,S,First,woman,False,C,Southampton,yes,False,2.666916005090936,0,Adult,0.5910862751002981,woman,Very_High,0,False,False,True,True,False,False,False,False,True,False,False,False,False,True,False,False,False,True,False,False,True,False,False,False,False
0,3,male,-0.40185438418925695,0,0,-0.5137451068374177,S,Third,man,True,,Southampton,no,True,-0.6223367722723301,1,Adult,-0.3520494029144937,man,Low,1,False,False,True,False,False,True,False,False,True,False,False,False,True,False,True,False,False,False,False,False,False,False,False,False,False
0,3,male,-0.04450105403435416,0,0,-0.5137451068374177,S,Third,man,True,,Southampton,no,True,-0.6223367722723301,1,Adult,-0.3520494029144937,man,Low,1,False,False,True,False,False,True,False,False,True,False,False,False,True,False,True,False,False,False,False,False,False,False,False,False,False
0,3,male,-0.6877370483131792,0,0,-0.5174906876893942,S,Third,man,True,,Southampton,no,True,-0.6223367722723301,1,Adult,-0.3572100726607992,man,Low,1,False,False,True,False,False,True,False,False,True,False,False,False,True,False,True,False,False,False,False,False,False,False,False,False,False
0,1,male,1.1705002684923154,1,0,0.5025162964376336,S,First,man,True,E,Southampton,no,False,0.035513783200323175,0,Middle_Age,0.24196793318029064,man,Very_High,1,False,False,True,True,False,False,False,False,False,True,False,False,True,False,False,False,False,True,False,False,False,False,True,False,False
0,3,male,-0.2589130521272958,1,2,-0.2741465359946879,S,Third,man,True,,Southampton,no,False,1.3512148941456297,0,Adult,-0.42864897620458653,man,High,1,False,False,True,False,False,True,False,False,True,False,False,False,True,False,False,False,True,False,False,False,False,False,False,False,False
0,3,male,2.0996189268950625,0,0,-0.529048807969089,S,Third,man,True,,Southampton,no,True,-0.6223367722723301,1,Middle_Age,-0.37313487685241176,man,Low,1,False,False,True,False,False,True,False,False,False,True,False,False,True,False,True,False,False,False,False,False,False,False,False,False,False
0,1,male,2.957266919266829,0,0,-0.00481669977840358,C,First,man,True,A,Cherbourg,no,True,-0.6223367722723301,1,Senior,0.3491533042594548,man,Very_High,1,True,False,False,True,False,False,False,False,False,False,True,False,True,False,False,False,False,True,True,False,False,False,False,False,False
1,1,male,-0.47332505022023746,0,1,0.5442820097886063,C,First,man,True,D,Cherbourg,yes,False,0.035513783200323175,0,Adult,0.2707403802107009,man,Very_High,1,True,False,False,True,False,False,False,False,True,False,False,False,True,False,False,False,False,True,False,False,False,True,False,False,False
1,2,female,0.3128522761205486,0,1,-0.2277571919393091,S,Second,woman,False,,Southampton,yes,False,0.035513783200323175,0,Adult,-0.26111829655722224,woman,High,0,False,False,True,False,True,False,False,False,True,False,False,False,False,True,False,False,True,False,False,False,False,False,False,False,False
0,2,male,0.3128522761205486,1,0,-0.1703683126955415,S,Second,man,True,,Southampton,no,False,0.035513783200323175,0,Adult,-0.22158303292362594,man,High,1,False,False,True,False,True,False,False,False,True,False,False,False,True,False,False,False,True,False,False,False,False,False,False,False,False
0,3,female,-0.11597172006533471,0,0,-0.5166948952305473,S,Third,woman,False,,Southampton,no,True,-0.6223367722723301,1,Adult,-0.3561136280160274,woman,Low,0,False,False,True,False,False,True,False,False,True,False,False,False,False,True,True,False,False,False,False,False,False,False,False,False,False
0,1,male,-0.6162663822821985,0,1,0.8107424020427021,S,First,man,True,D,Southampton,no,False,0.035513783200323175,0,Adult,0.4543052449457307,man,Very_High,1,False,False,True,True,False,False,False,False,True,False,False,False,True,False,False,False,False,True,False,False,False,True,False,False,False
0,3,male,0.24138161008956807,0,0,-0.5021869865577229,S,Third,man,True,,Southampton,no,True,-0.6223367722723301,1,Adult,-0.33612459872288114,man,Medium,1,False,False,True,False,False,True,False,False,True,False,False,False,True,False,False,True,False,False,False,False,False,False,False,False,False
0,3,male,0.5272642742134903,2,0,-0.5161363101392413,S,Third,man,True,,Southampton,no,False,0.6933643386729765,0,Middle_Age,-0.4945959923489604,man,Low,1,False,False,True,False,False,True,False,False,False,True,False,False,True,False,True,False,False,False,False,False,False,False,False,False,False
0,3,male,-0.11597172006533471,0,0,-0.5166948952305473,S,Third,man,True,,Southampton,no,True,-0.6223367722723301,1,Adult,-0.3561136280160274,man,Low,1,False,False,True,False,False,True,False,False,True,False,False,False,True,False,True,False,False,False,False,False,False,False,False,False,False
1,3,female,-0.6162663822821985,0,0,-0.5213969574032534,S,Third,woman,False,,Southampton,yes,True,-0.6223367722723301,1,Adult,-0.36259213988345274,woman,Low,0,False,False,True,False,False,True,False,False,True,False,False,False,False,True,True,False,False,False,False,False,False,False,False,False,False
1,3,male,-0.3303837181582764,0,0,-0.5190057541014297,S,Third,man,True,,Southampton,yes,True,-0.6223367722723301,1,Adult,-0.35929753458065306,man,Low,1,False,False,True,False,False,True,False,False,True,False,False,False,True,False,True,False,False,False,False,False,False,False,False,False,False
0,3,male,0.5987349402444708,0,0,-0.5166948952305473,S,Third,man,True,,Southampton,no,True,-0.6223367722723301,1,Middle_Age,-0.3561136280160274,man,Low,1,False,False,True,False,False,True,False,False,False,True,False,False,True,False,True,False,False,False,False,False,False,False,False,False,False
1,3,female,-0.5805310492667083,1,0,-0.20575812156253154,Q,Third,woman,False,,Queenstown,yes,False,0.035513783200323175,0,Adult,-0.2459631121643437,woman,High,0,False,True,False,False,False,True,False,False,True,False,False,False,False,True,False,False,True,False,False,False,False,False,False,False,False
0,1,male,1.2419709345232959,0,0,0.32700197408377774,S,First,man,True,C,Southampton,no,True,-0.6223367722723301,1,Middle_Age,0.8063338215498779,man,Very_High,1,False,False,True,True,False,False,False,False,False,True,False,False,True,False,False,False,False,True,False,False,True,False,False,False,False
0,3,female,-1.0808257114835722,1,0,-0.3912351533531055,C,Third,child,False,,Cherbourg,no,False,0.035513783200323175,0,Teen,-0.37373844854388466,child,Medium,0,True,False,False,False,False,True,False,True,False,False,False,True,False,False,False,True,False,False,False,False,False,False,False,False,False
0,3,male,-0.544795716251218,0,0,-0.5137451068374177,S,Third,man,True,,Southampton,no,True,-0.6223367722723301,1,Adult,-0.3520494029144937,man,Low,1,False,False,True,False,False,True,False,False,True,False,False,False,True,False,True,False,False,False,False,False,False,False,False,False,False
0,3,female,-0.6877370483131792,1,0,-0.4797900199515218,S,Third,woman,False,,Southampton,no,False,0.035513783200323175,0,Adult,-0.43474399601476604,woman,Medium,0,False,False,True,False,False,True,False,False,True,False,False,False,False,True,False,True,False,False,False,False,False,False,False,False,False
0,3,female,-0.9021490464061208,0,0,-0.39115672188480566,C,Third,woman,False,,Cherbourg,no,True,-0.6223367722723301,1,Teen,-0.18314684961904362,woman,Medium,0,True,False,False,False,False,True,False,True,False,False,False,False,False,True,False,True,False,False,False,False,False,False,False,False,False
0,3,male,-0.6162663822821985,0,0,-0.5161363101392413,S,Third,man,True,,Southampton,no,True,-0.6223367722723301,1,Adult,-0.3553440082172934,man,Low,1,False,False,True,False,False,True,False,False,True,False,False,False,True,False,True,False,False,False,False,False,False,False,False,False,False
0,3,male,2.921531586251339,0,0,-0.5194839947617944,Q,Third,man,True,,Queenstown,no,True,-0.6223367722723301,1,Senior,-0.359956455641213,man,Low,1,False,True,False,False,False,True,False,False,False,False,True,False,True,False,True,False,False,False,False,False,False,False,False,False,False
0,2,male,-0.04450105403435416,1,0,-0.2660164447684875,S,Second,man,True,,Southampton,no,False,0.035513783200323175,0,Adult,-0.2874751389796198,man,High,1,False,False,True,False,True,False,False,False,True,False,False,False,True,False,False,False,True,False,False,False,False,False,False,False,False
0,1,male,-0.40185438418925695,0,1,4.06724183436539,C,First,man,True,B,Cherbourg,no,False,0.035513783200323175,0,Adult,2.6977113765180936,man,Very_High,1,True,False,False,True,False,False,False,False,True,False,False,False,True,False,False,False,False,True,False,True,False,False,False,False,False
0,3,female,-1.9742090368708292,4,2,-0.06945953335858349,S,Third,child,False,,Southampton,no,False,3.324766560563589,0,Child,-0.44646337773472494,child,High,0,False,False,True,False,False,True,True,False,False,False,False,True,False,False,False,False,True,False,False,False,False,False,False,False,False
0,2,male,-0.6162663822821985,2,0,0.7382889419974455,S,Second,man,True,,Southampton,no,False,0.6933643386729765,0,Adult,0.08152065493394568,man,Very_High,1,False,False,True,False,True,False,False,False,True,False,False,False,True,False,False,False,False,True,False,False,False,False,False,False,False
0,2,male,0.2056462770740778,1,0,-0.09249542948703181,C,Second,man,True,,Cherbourg,no,False,0.035513783200323175,0,Adult,-0.16793631585707802,man,High,1,True,False,False,False,True,False,False,False,True,False,False,False,True,False,False,False,True,False,False,False,False,False,False,False,False
1,2,female,0.2056462770740778,0,0,-0.4190534560852011,S,Second,woman,False,E,Southampton,yes,True,-0.6223367722723301,1,Adult,-0.22158303292362594,woman,Medium,0,False,False,True,False,True,False,False,False,True,False,False,False,False,True,False,True,False,False,False,False,False,False,True,False,False
0,1,male,1.7422655967401597,0,1,0.8107424020427021,S,First,man,True,D,Southampton,no,False,0.035513783200323175,0,Middle_Age,0.4543052449457307,man,Very_High,1,False,False,True,True,False,False,False,False,False,True,False,False,True,False,False,False,False,True,False,False,False,True,False,False,False
1,3,male,-1.2595023765610236,1,0,-0.4526890782099733,C,Third,child,False,,Cherbourg,yes,False,0.035513783200323175,0,Child,-0.41607412668486066,child,Medium,1,True,False,False,False,False,True,True,False,False,False,False,True,False,False,False,True,False,False,False,False,False,False,False,False,False
0,3,male,-0.3303837181582764,0,0,-0.5194839947617944,Q,Third,man,True,,Queenstown,no,True,-0.6223367722723301,1,Adult,-0.359956455641213,man,Low,1,False,True,False,False,False,True,False,False,True,False,False,False,True,False,True,False,False,False,False,False,False,False,False,False,False
1,3,male,-0.40185438418925695,0,0,-0.531120546509789,S,Third,man,True,,Southampton,yes,True,-0.6223367722723301,1,Adult,-0.3759893228867574,man,Low,1,False,False,True,False,False,True,False,False,True,False,False,False,True,False,True,False,False,False,False,False,False,False,False,False,False
1,3,female,-0.5805310492667083,1,1,-0.240032673209551,C,Third,woman,False,F,Cherbourg,yes,False,0.6933643386729765,0,Adult,-0.36779058777056367,woman,High,0,True,False,False,False,False,True,False,False,True,False,False,False,False,True,False,False,True,False,False,False,False,False,False,True,False
0,3,male,1.0990296024613346,0,0,-0.534309455233101,S,Third,man,True,,Southampton,no,True,-0.6223367722723301,1,Middle_Age,-0.3803830085185711,man,Low,1,False,False,True,False,False,True,False,False,False,True,False,False,True,False,True,False,False,False,False,False,False,False,False,False,False
0,3,male,0.24138161008956807,0,0,-0.5166948952305473,C,Third,man,True,,Cherbourg,no,True,-0.6223367722723301,1,Adult,-0.3561136280160274,man,Low,1,True,False,False,False,False,True,False,False,True,False,False,False,True,False,True,False,False,False,False,False,False,False,False,False,False
0,3,male,-0.6877370483131792,0,0,-0.5328747332520068,S,Third,man,True,,Southampton,no,True,-0.6223367722723301,1,Adult,-0.37840624533689127,man,Low,1,False,False,True,False,False,True,False,False,True,False,False,False,True,False,True,False,False,False,False,False,False,False,False,False,False
0,3,female,1.2419709345232959,1,0,-0.39035901646331733,S,Third,woman,False,,Southampton,no,False,0.035513783200323175,0,Middle_Age,-0.37313487685241176,woman,Medium,0,False,False,True,False,False,True,False,False,False,True,False,False,False,True,False,True,False,False,False,False,False,False,False,False,False
0,2,male,-0.3303837181582764,0,0,-0.4190534560852011,S,Second,man,True,,Southampton,no,True,-0.6223367722723301,1,Adult,-0.22158303292362594,man,Medium,1,False,False,True,False,True,False,False,False,True,False,False,False,True,False,False,True,False,False,False,False,False,False,False,False,False
0,2,male,-0.47332505022023746,0,0,-0.37991806636623454,C,Second,man,True,,Cherbourg,no,True,-0.6223367722723301,1,Adult,-0.16766220469588508,man,Medium,1,True,False,False,False,True,False,False,False,True,False,False,False,True,False,False,True,False,False,False,False,False,False,False,False,False
1,1,female,-0.7592077143441597,0,2,-0.16494888953228837,S,First,woman,False,D,Southampton,yes,False,0.6933643386729765,0,Adult,-0.33330705226792684,woman,High,0,False,False,True,True,False,False,False,False,True,False,False,False,False,True,False,False,True,False,False,False,False,True,False,False,False
0,1,male,0.5272642742134903,1,0,0.3480445631398259,S,First,man,True,C,Southampton,no,False,0.035513783200323175,0,Middle_Age,0.13555218189986065,man,Very_High,1,False,False,True,True,False,False,False,False,False,True,False,False,True,False,False,False,False,True,False,False,True,False,False,False,False
0,3,male,-0.9736197124371013,0,0,-0.4914265716995165,S,Third,man,True,,Southampton,no,True,-0.6223367722723301,1,Teen,-0.3212988748602825,man,Medium,1,False,False,True,False,False,True,False,True,False,False,False,False,True,False,False,True,False,False,False,False,False,False,False,False,False
0,1,male,-0.40185438418925695,0,0,0.8473278125606041,C,First,man,True,B,Cherbourg,no,True,-0.6223367722723301,1,Adult,1.5232399354390906,man,Very_High,1,True,False,False,True,False,False,False,False,True,False,False,False,True,False,False,False,False,True,False,True,False,False,False,False,False
0,3,female,-0.5805310492667083,0,2,-0.3760921410833167,C,Third,woman,False,,Cherbourg,no,False,0.6933643386729765,0,Adult,-0.4302782683469978,woman,Medium,0,True,False,False,False,False,True,False,False,True,False,False,False,False,True,False,True,False,False,False,False,False,False,False,False,False
1,3,female,-0.544795716251218,0,0,-0.5194839947617944,S,Third,woman,False,,Southampton,yes,True,-0.6223367722723301,1,Adult,-0.359956455641213,woman,Low,0,False,False,True,False,False,True,False,False,True,False,False,False,False,True,True,False,False,False,False,False,False,False,False,False,False
1,3,female,-0.40185438418925695,1,0,-0.36453402080362185,S,Third,woman,False,,Southampton,yes,False,0.035513783200323175,0,Adult,-0.3553440082172934,woman,Medium,0,False,False,True,False,False,True,False,False,True,False,False,False,False,True,False,True,False,False,False,False,False,False,False,False,False
0,3,male,-0.7592077143441597,0,0,-0.5386136211763837,Q,Third,man,True,,Queenstown,no,True,-0.6223367722723301,1,Adult,-0.38631329806361053,man,Low,1,False,True,False,False,False,True,False,False,True,False,False,False,True,False,True,False,False,False,False,False,False,False,False,False,False
0,2,male,-0.8306783803751403,0,0,-0.4477478957070849,S,Second,man,True,,Southampton,no,True,-0.6223367722723301,1,Teen,-0.26111829655722224,man,Medium,1,False,False,True,False,True,False,False,True,False,False,False,False,True,False,False,True,False,False,False,False,False,False,False,False,False
0,2,male,-0.7592077143441597,1,1,0.03527517126129241,S,Second,man,True,,Southampton,no,False,0.6933643386729765,0,Adult,-0.2413506647404241,man,Very_High,1,False,False,True,False,True,False,False,False,True,False,False,False,True,False,False,False,False,True,False,False,False,False,False,False,False
1,3,male,-0.18744238609631528,0,0,-0.5186078578720063,S,Third,man,True,,Southampton,yes,True,-0.6223367722723301,1,Adult,-0.3587493122582672,man,Low,1,False,False,True,False,False,True,False,False,True,False,False,False,True,False,True,False,False,False,False,False,False,False,False,False,False
0,3,female,-1.4739143746539654,2,2,-0.010157691473356942,S,Third,child,False,,Southampton,no,False,2.009065449618283,0,Child,-0.38301869276081085,child,High,0,False,False,True,False,False,True,True,False,False,False,False,True,False,False,False,False,True,False,False,False,False,False,False,False,False
0,2,male,0.491528941198,0,2,-0.1703683126955415,S,Second,man,True,F,Southampton,no,False,0.6933643386729765,0,Middle_Age,-0.33579601675401527,man,High,1,False,False,True,False,True,False,False,False,False,True,False,False,True,False,False,False,True,False,False,False,False,False,False,True,False
0,2,male,0.8846176043683931,0,0,-0.4190534560852011,S,Second,man,True,,Southampton,no,True,-0.6223367722723301,1,Middle_Age,-0.22158303292362594,man,Medium,1,False,False,True,False,True,False,False,False,False,True,False,False,True,False,False,True,False,False,False,False,False,False,False,False,False
0,2,male,1.5278535986472181,0,0,-0.428140028632131,S,Second,man,True,,Southampton,no,True,-0.6223367722723301,1,Middle_Age,-0.23410253307426476,man,Medium,1,False,False,True,False,True,False,False,False,False,True,False,False,True,False,False,True,False,False,False,False,False,False,False,False,False
1,1,female,-0.544795716251218,1,0,0.60629451973678,S,First,woman,False,C,Southampton,yes,False,0.035513783200323175,0,Adult,0.3134608682510439,woman,Very_High,0,False,False,True,True,False,False,False,False,True,False,False,False,False,True,False,False,False,True,False,False,True,False,False,False,False
0,3,male,1.8494715957866306,0,0,-0.5137451068374177,S,Third,man,True,,Southampton,no,True,-0.6223367722723301,1,Middle_Age,-0.3520494029144937,man,Low,1,False,False,True,False,False,True,False,False,False,True,False,False,True,False,True,False,False,False,False,False,False,False,False,False,False
0,3,male,0.7774116053219222,0,2,-0.39035901646331733,S,Third,man,True,,Southampton,no,False,0.6933643386729765,0,Middle_Age,-0.43683057937320585,man,Medium,1,False,False,True,False,False,True,False,False,False,True,False,False,True,False,False,True,False,False,False,False,False,False,False,False,False
0,3,male,-0.3303837181582764,0,0,-0.5278532063181772,S,Third,man,True,,Southampton,no,True,-0.6223367722723301,1,Adult,-0.3714875742010119,man,Low,1,False,False,True,False,False,True,False,False,True,False,False,False,True,False,True,False,False,False,False,False,False,False,False,False,False
0,1,male,1.5278535986472181,0,1,0.5064225661514927,C,First,man,True,,Cherbourg,no,False,0.035513783200323175,0,Middle_Age,0.24465896679161742,man,Very_High,1,True,False,False,True,False,False,False,False,False,True,False,False,True,False,False,False,False,True,False,False,False,False,False,False,False
1,3,female,-0.9736197124371013,0,0,-0.5198034595229181,Q,Third,woman,False,,Queenstown,yes,True,-0.6223367722723301,1,Teen,-0.360396614909667,woman,Low,0,False,True,False,False,False,True,False,True,False,False,False,False,False,True,True,False,False,False,False,False,False,False,False,False,False
0,3,male,0.026969611996626397,0,0,-0.5137451068374177,S,Third,man,True,,Southampton,no,True,-0.6223367722723301,1,Adult,-0.3520494029144937,man,Low,1,False,False,True,False,False,True,False,False,True,False,False,False,True,False,True,False,False,False,False,False,False,False,False,False,False
0,3,male,-0.3303837181582764,0,0,-0.5020282106584818,S,Third,man,True,,Southampton,no,True,-0.6223367722723301,1,Adult,-0.33590583693077525,man,Medium,1,False,False,True,False,False,True,False,False,True,False,False,False,True,False,False,True,False,False,False,False,False,False,False,False,False
0,3,male,-0.3303837181582764,8,2,0.6627269176598182,S,Third,man,True,,Southampton,no,False,5.956168782454203,0,Adult,-0.39757485800772585,man,Very_High,1,False,False,True,False,False,True,False,False,True,False,False,False,True,False,False,False,False,True,False,False,False,False,False,False,False
0,3,male,1.0275589364303541,0,1,-0.3597516141999746,S,Third,man,True,,Southampton,no,False,0.035513783200323175,0,Middle_Age,-0.3520494029144937,man,High,1,False,False,True,False,False,True,False,False,False,True,False,False,True,False,False,False,True,False,False,False,False,False,False,False,False
1,2,female,0.741676272306432,0,0,-0.3664469834450808,S,Second,woman,False,,Southampton,yes,True,-0.6223367722723301,1,Middle_Age,-0.14910171626203272,woman,Medium,0,False,False,True,False,True,False,False,False,False,True,False,False,False,True,False,True,False,False,False,False,False,False,False,False,False
0,3,male,-0.2589130521272958,0,0,-0.5190057541014297,S,Third,man,True,,Southampton,no,True,-0.6223367722723301,1,Adult,-0.35929753458065306,man,Low,1,False,False,True,False,False,True,False,False,True,False,False,False,True,False,True,False,False,False,False,False,False,False,False,False,False
0,3,male,-0.9021490464061208,0,0,-0.5020282106584818,S,Third,man,True,,Southampton,no,True,-0.6223367722723301,1,Teen,-0.33590583693077525,man,Medium,1,False,False,True,False,False,True,False,True,False,False,False,False,True,False,False,True,False,False,False,False,False,False,False,False,False
0,3,male,-2.04567970290181,4,1,0.09146844885414819,S,Third,child,False,,Southampton,no,False,2.666916005090936,0,Child,-0.3898824538083102,child,Very_High,1,False,False,True,False,False,True,True,False,False,False,False,True,False,False,False,False,False,True,False,False,False,False,False,False,False
1,3,male,-1.4739143746539654,0,2,-0.2751030173154174,S,Third,child,False,,Southampton,yes,False,0.6933643386729765,0,Child,-0.3838972541748908,child,High,1,False,False,True,False,False,True,True,False,False,False,False,True,False,False,False,False,True,False,False,False,False,False,False,False,False
1,1,female,0.3843229421515292,0,1,0.38439085332754536,S,First,woman,False,E,Southampton,yes,False,0.035513783200323175,0,Adult,0.16059118220113827,woman,Very_High,0,False,False,True,True,False,False,False,False,True,False,False,False,False,True,False,False,False,True,False,False,False,False,True,False,False
0,3,female,1.0990296024613346,1,4,-0.13402202250782205,S,Third,woman,False,,Southampton,no,False,2.666916005090936,0,Middle_Age,-0.4416626671506454,woman,High,0,False,False,True,False,False,True,False,False,False,True,False,False,False,True,False,False,True,False,False,False,False,False,False,False,False
0,1,male,0.741676272306432,0,0,-0.17180303467663569,S,First,man,True,,Southampton,no,True,-0.6223367722723301,1,Middle_Age,0.11907915538586218,man,High,1,False,False,True,True,False,False,False,False,False,True,False,False,True,False,False,False,True,False,False,False,False,False,False,False,False
0,3,male,-0.11597172006533471,0,0,0.4130049485184879,S,Third,man,True,,Southampton,no,True,-0.6223367722723301,1,Adult,0.9248289137124927,man,Very_High,1,False,False,True,False,False,True,False,False,True,False,False,False,True,False,False,False,False,True,False,False,False,False,False,False,False
0,1,male,2.2425602589570235,0,0,-0.026896114586122493,S,First,man,True,B,Southampton,no,True,-0.6223367722723301,1,Senior,0.3187322367355235,man,High,1,False,False,True,True,False,False,False,False,False,False,True,False,True,False,False,False,True,False,False,True,False,False,False,False,False
0,3,male,-1.8312677048088681,4,1,-0.11058823014995024,Q,Third,child,False,,Queenstown,no,False,2.666916005090936,0,Child,-0.4362814784894058,child,High,1,False,True,False,False,False,True,True,False,False,False,False,True,False,False,False,False,True,False,False,False,False,False,False,False,False
1,3,female,-2.04567970290181,1,1,-0.45476272971331483,S,Third,child,False,,Southampton,yes,False,0.6933643386729765,0,Child,-0.46640910650103445,child,Medium,0,False,False,True,False,False,True,True,False,False,False,False,True,False,False,False,True,False,False,False,False,False,False,False,False,False
0,1,male,1.885206928802121,0,0,-0.08053941297791356,C,First,man,True,A,Cherbourg,no,True,-0.6223367722723301,1,Middle_Age,0.2448223792146363,man,High,1,True,False,False,True,False,False,False,False,False,True,False,False,True,False,False,False,True,False,True,False,False,False,False,False,False
0,3,male,-0.8306783803751403,1,1,-0.5174906876893942,S,Third,man,True,,Southampton,no,False,0.6933643386729765,0,Teen,-0.4952180138301289,man,Low,1,False,False,True,False,False,True,False,True,False,False,False,False,True,False,True,False,False,False,False,False,False,False,False,False,False
0,3,male,-0.3303837181582764,3,1,-0.18057014246244193,S,Third,man,True,,Southampton,no,False,2.009065449618283,0,Adult,-0.42997762463109956,man,High,1,False,False,True,False,False,True,False,False,True,False,False,False,True,False,False,False,True,False,False,False,False,False,False,False,False
0,1,female,1.4563829326162374,0,0,-0.11847920104596832,C,First,woman,False,C,Cherbourg,no,True,-0.6223367722723301,1,Middle_Age,0.19254885363829524,woman,High,0,True,False,False,True,False,False,False,False,False,True,False,False,False,True,False,False,True,False,False,False,True,False,False,False,False
0,2,male,0.026969611996626397,0,0,-0.4190534560852011,S,Second,man,True,,Southampton,no,True,-0.6223367722723301,1,Adult,-0.22158303292362594,man,Medium,1,False,False,True,False,True,False,False,False,True,False,False,False,True,False,False,True,False,False,False,False,False,False,False,False,False
0,3,male,0.45579360818250975,0,0,-0.6677385994748607,S,Third,man,True,,Southampton,no,True,-0.6223367722723301,1,Middle_Age,-0.5642219844147939,man,Low,1,False,False,True,False,False,True,False,False,False,True,False,False,True,False,True,False,False,False,False,False,False,False,False,False,False
0,3,female,-0.5805310492667083,8,2,0.6627269176598182,S,Third,woman,False,,Southampton,no,False,5.956168782454203,0,Adult,-0.39757485800772585,woman,Very_High,0,False,False,True,False,False,True,False,False,True,False,False,False,False,True,False,False,False,True,False,False,False,False,False,False,False
0,2,male,0.026969611996626397,0,0,-0.37983772193529325,C,Second,man,True,,Cherbourg,no,True,-0.6223367722723301,1,Adult,-0.16755150595771098,man,Medium,1,True,False,False,False,True,False,False,False,True,False,False,False,True,False,False,True,False,False,False,False,False,False,False,False,False
0,3,male,-1.4739143746539654,4,2,-0.06730745038694219,S,Third,child,False,,Southampton,no,False,3.324766560563589,0,Child,-0.44603978562436497,child,High,1,False,False,True,False,False,True,True,False,False,False,False,True,False,False,False,False,True,False,False,False,False,False,False,False,False
1,2,male,-2.04567970290181,2,1,0.07831683069411811,S,Second,child,False,F,Southampton,yes,False,1.3512148941456297,0,Child,-0.30724277079641793,child,Very_High,1,False,False,True,False,True,False,True,False,False,False,False,True,False,False,False,False,False,True,False,False,False,False,False,True,False
1,3,female,-1.8312677048088681,0,2,-0.2464085776935336,S,Third,child,False,,Southampton,yes,False,0.6933643386729765,0,Child,-0.370718832963692,child,High,0,False,False,True,False,False,True,True,False,False,False,False,True,False,False,False,False,True,False,False,False,False,False,False,False,False
0,1,male,0.741676272306432,0,0,0.2887427212545993,S,First,man,True,A,Southampton,no,True,-0.6223367722723301,1,Middle_Age,0.7536201367050828,man,Very_High,1,False,False,True,True,False,False,False,False,False,True,False,False,True,False,False,False,False,True,True,False,False,False,False,False,False
1,3,female,-0.5805310492667083,1,0,-0.3712293900487281,Q,Third,woman,False,,Queenstown,yes,False,0.035513783200323175,0,Adult,-0.359956455641213,woman,Medium,0,False,True,False,False,False,True,False,False,True,False,False,False,False,True,False,True,False,False,False,False,False,False,False,False,False
1,1,male,1.0990296024613346,0,0,-0.15984701816751742,S,First,man,True,,Southampton,yes,True,-0.6223367722723301,1,Middle_Age,0.13555218189986065,man,High,1,False,False,True,True,False,False,False,False,False,True,False,False,True,False,False,False,True,False,False,False,False,False,False,False,False
0,3,male,0.741676272306432,1,1,-0.3712293900487281,Q,Third,man,True,,Queenstown,no,False,0.6933643386729765,0,Middle_Age,-0.4280449652324066,man,Medium,1,False,True,False,False,False,True,False,False,False,True,False,False,True,False,False,True,False,False,False,False,False,False,False,False,False
0,3,male,0.45579360818250975,0,0,-0.5166948952305473,S,Third,man,True,,Southampton,no,True,-0.6223367722723301,1,Middle_Age,-0.3561136280160274,man,Low,1,False,False,True,False,False,True,False,False,False,True,False,False,True,False,True,False,False,False,False,False,False,False,False,False,False
1,2,female,0.1699109440585875,0,0,-0.4190534560852011,S,Second,woman,False,,Southampton,yes,True,-0.6223367722723301,1,Adult,-0.22158303292362594,woman,Medium,0,False,False,True,False,True,False,False,False,True,False,False,False,False,True,False,True,False,False,False,False,False,False,False,False,False
0,2,male,-0.7592077143441597,0,0,-0.4190534560852011,S,Second,man,True,,Southampton,no,True,-0.6223367722723301,1,Adult,-0.22158303292362594,man,Medium,1,False,False,True,False,True,False,False,False,True,False,False,False,True,False,False,True,False,False,False,False,False,False,False,False,False
1,3,female,-0.7592077143441597,1,0,-0.5174906876893942,S,Third,woman,False,,Southampton,yes,False,0.035513783200323175,0,Adult,-0.46071602853779653,woman,Low,0,False,False,True,False,False,True,False,False,True,False,False,False,False,True,True,False,False,False,False,False,False,False,False,False,False
1,2,male,-1.9027383708398486,1,1,-0.1703683126955415,S,Second,child,False,F,Southampton,yes,False,0.6933643386729765,0,Child,-0.33579601675401527,child,High,1,False,False,True,False,True,False,True,False,False,False,False,True,False,False,False,False,True,False,False,False,False,False,False,True,False
1,1,female,1.0275589364303541,0,0,-0.1374500515613164,C,First,woman,False,B,Cherbourg,yes,True,-0.6223367722723301,1,Middle_Age,0.16641077300800367,woman,High,0,True,False,False,True,False,False,False,False,False,True,False,False,False,True,False,False,True,False,False,True,False,False,False,False,False
1,1,female,2.0281482608640817,0,0,2.1351495664918807,C,First,woman,False,B,Cherbourg,yes,True,-0.6223367722723301,1,Middle_Age,3.2976036527888306,woman,Very_High,0,True,False,False,True,False,False,False,False,False,True,False,False,False,True,False,False,False,True,False,True,False,False,False,False,False
0,3,male,0.8846176043683931,0,1,-0.5069693931613701,S,Third,man,True,,Southampton,no,False,0.035513783200323175,0,Middle_Age,-0.45346789687163724,man,Medium,1,False,False,True,False,False,True,False,False,False,True,False,False,True,False,False,True,False,False,False,False,False,False,False,False,False
0,2,female,-0.40185438418925695,0,0,-0.4190534560852011,S,Second,woman,False,,Southampton,no,True,-0.6223367722723301,1,Adult,-0.22158303292362594,woman,Medium,0,False,False,True,False,True,False,False,False,True,False,False,False,False,True,False,True,False,False,False,False,False,False,False,False,False
0,3,male,-0.11597172006533471,0,0,-0.4860071485362633,S,Third,man,True,,Southampton,no,True,-0.6223367722723301,1,Adult,-0.3138319814020173,man,Medium,1,False,False,True,False,False,True,False,False,True,False,False,False,True,False,False,True,False,False,False,False,False,False,False,False,False
0,3,male,0.3128522761205486,0,0,-0.5434763722109722,S,Third,man,True,,Southampton,no,True,-0.6223367722723301,1,Adult,-0.393013207407384,man,Low,1,False,False,True,False,False,True,False,False,True,False,False,False,True,False,True,False,False,False,False,False,False,False,False,False,False
0,3,male,1.134764935476825,0,0,-0.5295270486294538,C,Third,man,True,,Cherbourg,no,True,-0.6223367722723301,1,Middle_Age,-0.3737937979129717,man,Low,1,True,False,False,False,False,True,False,False,False,True,False,False,True,False,True,False,False,False,False,False,False,False,False,False,False
1,3,male,-0.8306783803751403,0,0,-0.5137451068374177,S,Third,man,True,,Southampton,yes,True,-0.6223367722723301,1,Teen,-0.3520494029144937,man,Low,1,False,False,True,False,False,True,False,True,False,False,False,False,True,False,True,False,False,False,False,False,False,False,False,False,False
0,3,female,-1.9742090368708292,0,1,-0.46759488311222125,S,Third,child,False,G,Southampton,no,False,0.035513783200323175,0,Child,-0.4263427524926268,child,Medium,0,False,False,True,False,False,True,True,False,False,False,False,True,False,False,False,True,False,False,False,False,False,False,False,False,True
0,3,male,0.1699109440585875,1,0,-0.36453402080362185,S,Third,man,True,,Southampton,no,False,0.035513783200323175,0,Adult,-0.3553440082172934,man,Medium,1,False,False,True,False,False,True,False,False,True,False,False,False,True,False,False,True,False,False,False,False,False,False,False,False,False
1,3,male,-0.2589130521272958,0,0,-0.3083407432107661,C,Third,man,True,,Cherbourg,yes,True,-0.6223367722723301,1,Adult,-0.06904280740400018,man,High,1,True,False,False,False,False,True,False,False,True,False,False,False,True,False,False,False,True,False,False,False,False,False,False,False,False
1,3,female,-0.9736197124371013,0,0,-0.5194839947617944,Q,Third,woman,False,,Queenstown,yes,True,-0.6223367722723301,1,Teen,-0.359956455641213,woman,Low,0,False,True,False,False,False,True,False,True,False,False,False,False,False,True,True,False,False,False,False,False,False,False,False,False,False
1,1,male,0.741676272306432,0,0,-0.0747201806225955,C,First,man,True,A,Cherbourg,yes,True,-0.6223367722723301,1,Middle_Age,0.25284013067952965,man,High,1,True,False,False,True,False,False,False,False,False,True,False,False,True,False,False,False,True,False,True,False,False,False,False,False,False
0,3,male,-0.40185438418925695,0,0,-0.5328747332520068,S,Third,man,True,,Southampton,no,True,-0.6223367722723301,1,Adult,-0.37840624533689127,man,Low,1,False,False,True,False,False,True,False,False,True,False,False,False,True,False,True,False,False,False,False,False,False,False,False,False,False
1,2,female,0.3843229421515292,0,0,-0.2660164447684875,S,Second,woman,False,,Southampton,yes,True,-0.6223367722723301,1,Adult,-0.010728293544445681,woman,High,0,False,False,True,False,True,False,False,False,True,False,False,False,False,True,False,False,True,False,False,False,False,False,False,False,False
0,3,male,-0.544795716251218,0,0,-0.529048807969089,S,Third,man,True,,Southampton,no,True,-0.6223367722723301,1,Adult,-0.37313487685241176,man,Low,1,False,False,True,False,False,True,False,False,True,False,False,False,True,False,True,False,False,False,False,False,False,False,False,False,False
0,3,male,-0.3303837181582764,1,0,-0.5194839947617944,Q,Third,man,True,,Queenstown,no,False,0.035513783200323175,0,Adult,-0.46208922002800346,man,Low,1,False,True,False,False,False,True,False,False,True,False,False,False,True,False,True,False,False,False,False,False,False,False,False,False,False
1,1,female,0.09844027802760695,1,0,1.4991698326377312,C,First,woman,False,D,Cherbourg,yes,False,0.035513783200323175,0,Adult,0.9285636782837464,woman,Very_High,0,True,False,False,True,False,False,False,False,True,False,False,False,False,True,False,False,False,True,False,False,False,True,False,False,False
1,3,female,-0.18744238609631528,0,0,-0.5161363101392413,S,Third,woman,False,,Southampton,yes,True,-0.6223367722723301,1,Adult,-0.3553440082172934,woman,Low,0,False,False,True,False,False,True,False,False,True,False,False,False,False,True,True,False,False,False,False,False,False,False,False,False,False
0,2,male,0.8846176043683931,1,0,-0.1512386862809523,S,Second,man,True,,Southampton,no,False,0.035513783200323175,0,Middle_Age,-0.2084046117124272,man,High,1,False,False,True,False,True,False,False,False,False,True,False,False,True,False,False,False,True,False,False,False,False,False,False,False,False
1,1,female,0.1699109440585875,0,0,0.7916931200590543,C,First,woman,False,D,Cherbourg,yes,True,-0.6223367722723301,1,Adult,1.4465863306220321,woman,Very_High,0,True,False,False,True,False,False,False,False,True,False,False,False,False,True,False,False,False,True,False,False,False,True,False,False,False
0,2,male,0.026969611996626397,0,0,-0.4668775221216741,S,Second,man,True,,Southampton,no,True,-0.6223367722723301,1,Adult,-0.2874751389796198,man,Medium,1,False,False,True,False,True,False,False,False,True,False,False,False,True,False,False,True,False,False,False,False,False,False,False,False,False
1,3,male,-0.9736197124371013,0,0,-0.5137451068374177,S,Third,man,True,,Southampton,yes,True,-0.6223367722723301,1,Teen,-0.3520494029144937,man,Low,1,False,False,True,False,False,True,False,True,False,False,False,False,True,False,True,False,False,False,False,False,False,False,False,False,False
0,2,male,-0.18744238609631528,0,0,-0.4190534560852011,S,Second,man,True,,Southampton,no,True,-0.6223367722723301,1,Adult,-0.22158303292362594,man,Medium,1,False,False,True,False,True,False,False,False,True,False,False,False,True,False,False,True,False,False,False,False,False,False,False,False,False
0,3,male,1.5278535986472181,0,0,-0.5137451068374177,S,Third,man,True,,Southampton,no,True,-0.6223367722723301,1,Middle_Age,-0.3520494029144937,man,Low,1,False,False,True,False,False,True,False,False,False,True,False,False,True,False,True,False,False,False,False,False,False,False,False,False,False
1,1,male,0.5987349402444708,1,0,1.0539277778381673,S,First,man,True,C,Southampton,yes,False,0.035513783200323175,0,Middle_Age,0.6218359245930951,man,Very_High,1,False,False,True,True,False,False,False,False,False,True,False,False,True,False,False,False,False,True,False,False,True,False,False,False,False
0,3,male,-0.544795716251218,0,0,-0.48887659249845167,S,Third,man,True,,Southampton,no,True,-0.6223367722723301,1,Adult,-0.31778550776537695,man,Medium,1,False,False,True,False,False,True,False,False,True,False,False,False,True,False,False,True,False,False,False,False,False,False,False,False,False
1,2,male,-0.7592077143441597,0,0,-0.4668775221216741,S,Second,man,True,,Southampton,yes,True,-0.6223367722723301,1,Adult,-0.2874751389796198,man,Medium,1,False,False,True,False,True,False,False,False,True,False,False,False,True,False,False,True,False,False,False,False,False,False,False,False,False
0,3,male,-0.6520017152976889,0,0,-0.529048807969089,S,Third,man,True,,Southampton,no,True,-0.6223367722723301,1,Adult,-0.37313487685241176,man,Low,1,False,False,True,False,False,True,False,False,True,False,False,False,True,False,True,False,False,False,False,False,False,False,False,False,False
0,2,male,-0.8306783803751403,0,0,-0.4190534560852011,S,Second,man,True,,Southampton,no,True,-0.6223367722723301,1,Teen,-0.22158303292362594,man,Medium,1,False,False,True,False,True,False,False,True,False,False,False,False,True,False,False,True,False,False,False,False,False,False,False,False,False
0,3,female,-0.5805310492667083,3,1,-0.18057014246244193,S,Third,woman,False,,Southampton,no,False,2.009065449618283,0,Adult,-0.42997762463109956,woman,High,0,False,False,True,False,False,True,False,False,True,False,False,False,False,True,False,False,True,False,False,False,False,False,False,False,False
1,1,female,0.3843229421515292,1,0,0.9291069654829727,S,First,woman,False,C,Southampton,yes,False,0.035513783200323175,0,Adult,0.535846726190023,woman,Very_High,0,False,False,True,True,False,False,False,False,True,False,False,False,False,True,False,False,False,True,False,False,True,False,False,False,False
0,3,male,-0.04450105403435416,0,0,-0.5190057541014297,S,Third,man,True,,Southampton,no,True,-0.6223367722723301,1,Adult,-0.35929753458065306,man,Low,1,False,False,True,False,False,True,False,False,True,False,False,False,True,False,True,False,False,False,False,False,False,False,False,False,False
0,2,male,2.0996189268950625,0,0,-0.40948864287790654,S,Second,man,True,,Southampton,no,True,-0.6223367722723301,1,Middle_Age,-0.2084046117124272,man,Medium,1,False,False,True,False,True,False,False,False,False,True,False,False,True,False,False,True,False,False,False,False,False,False,False,False,False
1,3,female,-1.7597970387778874,4,2,-0.06730745038694219,S,Third,child,False,,Southampton,yes,False,3.324766560563589,0,Child,-0.44603978562436497,child,High,0,False,False,True,False,False,True,True,False,False,False,False,True,False,False,False,False,True,False,False,False,False,False,False,False,False
0,2,male,-0.40185438418925695,0,0,-0.4668775221216741,S,Second,man,True,,Southampton,no,True,-0.6223367722723301,1,Adult,-0.2874751389796198,man,Medium,1,False,False,True,False,True,False,False,False,True,False,False,False,True,False,False,True,False,False,False,False,False,False,False,False,False
0,3,female,-0.5805310492667083,0,0,-0.5233099200447122,S,Third,woman,False,,Southampton,no,True,-0.6223367722723301,1,Adult,-0.3652278241256925,woman,Low,0,False,False,True,False,False,True,False,False,True,False,False,False,False,True,True,False,False,False,False,False,False,False,False,False,False
0,2,male,1.0275589364303541,1,0,-0.1703683126955415,S,Second,man,True,,Southampton,no,False,0.035513783200323175,0,Middle_Age,-0.22158303292362594,man,High,1,False,False,True,False,True,False,False,False,False,True,False,False,True,False,False,False,True,False,False,False,False,False,False,False,False
1,2,female,-1.5453850406849459,0,2,-0.1655859060918942,S,Second,child,False,,Southampton,yes,False,0.6933643386729765,0,Child,-0.3335996132188155,child,High,0,False,False,True,False,True,False,True,False,False,False,False,True,False,False,False,False,True,False,False,False,False,False,False,False,False
0,2,male,-0.7592077143441597,0,0,-0.4668775221216741,S,Second,man,True,,Southampton,no,True,-0.6223367722723301,1,Adult,-0.2874751389796198,man,Medium,1,False,False,True,False,True,False,False,False,True,False,False,False,True,False,False,True,False,False,False,False,False,False,False,False,False
0,2,male,0.24138161008956807,0,0,-0.43292243523577834,S,Second,man,True,,Southampton,no,True,-0.6223367722723301,1,Adult,-0.24069174367986415,man,Medium,1,False,False,True,False,True,False,False,False,True,False,False,False,True,False,False,True,False,False,False,False,False,False,False,False,False
0,3,female,-0.5805310492667083,1,0,-0.3912351533531055,C,Third,woman,False,,Cherbourg,no,False,0.035513783200323175,0,Adult,-0.37373844854388466,woman,Medium,0,True,False,False,False,False,True,False,False,True,False,False,False,False,True,False,True,False,False,False,False,False,False,False,False,False
0,2,male,-0.04450105403435416,0,0,-0.4668775221216741,S,Second,man,True,,Southampton,no,True,-0.6223367722723301,1,Adult,-0.2874751389796198,man,Medium,1,False,False,True,False,True,False,False,False,True,False,False,False,True,False,False,True,False,False,False,False,False,False,False,False,False
0,3,male,-0.544795716251218,0,0,-0.5314400112709127,S,Third,man,True,,Southampton,no,True,-0.6223367722723301,1,Adult,-0.37642948215521144,man,Low,1,False,False,True,False,False,True,False,False,True,False,False,False,True,False,True,False,False,False,False,False,False,False,False,False,False
0,3,male,0.026969611996626397,0,0,-0.5295270486294538,C,Third,man,True,,Cherbourg,no,True,-0.6223367722723301,1,Adult,-0.3737937979129717,man,Low,1,True,False,False,False,False,True,False,False,True,False,False,False,True,False,True,False,False,False,False,False,False,False,False,False,False
0,1,male,1.0275589364303541,2,0,1.0539277778381673,Q,First,man,True,C,Queenstown,no,False,0.6933643386729765,0,Middle_Age,0.22648328825713213,man,Very_High,1,False,True,False,True,False,False,False,False,False,True,False,False,True,False,False,False,False,True,False,False,True,False,False,False,False
0,3,female,-0.3303837181582764,0,0,-0.5190057541014297,S,Third,woman,False,,Southampton,no,True,-0.6223367722723301,1,Adult,-0.35929753458065306,woman,Low,0,False,False,True,False,False,True,False,False,True,False,False,False,False,True,True,False,False,False,False,False,False,False,False,False,False
1,2,female,-0.40185438418925695,0,2,-0.39035901646331733,S,Second,woman,False,,Southampton,yes,False,0.6933643386729765,0,Adult,-0.43683057937320585,woman,Medium,0,False,False,True,False,True,False,False,False,True,False,False,False,False,True,False,True,False,False,False,False,False,False,False,False,False
1,1,male,0.5272642742134903,1,1,0.3376036130427431,S,First,man,True,D,Southampton,yes,False,0.6933643386729765,0,Middle_Age,-0.10250106173640575,man,Very_High,1,False,False,True,True,False,False,False,False,False,True,False,False,True,False,False,False,False,True,False,False,False,True,False,False,False
0,2,male,1.7422655967401597,1,0,-0.1703683126955415,S,Second,man,True,,Southampton,no,False,0.035513783200323175,0,Middle_Age,-0.22158303292362594,man,High,1,False,False,True,False,True,False,False,False,False,True,False,False,True,False,False,False,True,False,False,False,False,False,False,False,False
0,3,male,-0.3303837181582764,0,0,-0.529048807969089,S,Third,man,True,,Southampton,no,True,-0.6223367722723301,1,Adult,-0.37313487685241176,man,Low,1,False,False,True,False,False,True,False,False,True,False,False,False,True,False,True,False,False,False,False,False,False,False,False,False,False
0,3,female,-0.04450105403435416,1,1,-0.46759488311222125,S,Third,woman,False,G,Southampton,no,False,0.6933643386729765,0,Adult,-0.47230249646668243,woman,Medium,0,False,False,True,False,False,True,False,False,True,False,False,False,False,True,False,True,False,False,False,False,False,False,False,False,True
0,1,male,2.3140309249880042,0,0,-0.15984701816751742,S,First,man,True,C,Southampton,no,True,-0.6223367722723301,1,Senior,0.13555218189986065,man,High,1,False,False,True,True,False,False,False,False,False,False,True,False,True,False,False,False,True,False,False,False,True,False,False,False,False
0,3,male,0.026969611996626397,1,0,-0.3597516141999746,S,Third,man,True,,Southampton,no,False,0.035513783200323175,0,Adult,-0.3520494029144937,man,High,1,False,False,True,False,False,True,False,False,True,False,False,False,True,False,False,False,True,False,False,False,False,False,False,False,False
0,3,female,0.8131469383374125,0,2,-0.28108102556997655,S,Third,woman,False,,Southampton,no,False,0.6933643386729765,0,Middle_Age,-0.38664275859389047,woman,High,0,False,False,True,False,False,True,False,False,False,True,False,False,False,True,False,False,True,False,False,False,False,False,False,False,False
1,3,female,-0.04450105403435416,0,2,-0.3760921410833167,C,Third,woman,False,,Cherbourg,yes,False,0.6933643386729765,0,Adult,-0.4302782683469978,woman,Medium,0,True,False,False,False,False,True,False,False,True,False,False,False,False,True,False,True,False,False,False,False,False,False,False,False,False
1,1,female,0.3843229421515292,0,0,0.8473278125606041,C,First,woman,False,,Cherbourg,yes,True,-0.6223367722723301,1,Adult,1.5232399354390906,woman,Very_High,0,True,False,False,True,False,False,False,False,True,False,False,False,False,True,False,False,False,True,False,False,False,False,False,False,False
1,1,female,0.026969611996626397,0,0,0.9869740853871052,S,First,woman,False,B,Southampton,yes,True,-0.6223367722723301,1,Adult,1.7156448851225927,woman,Very_High,0,False,False,True,True,False,False,False,False,True,False,False,False,False,True,False,False,False,True,False,True,False,False,False,False,False
1,1,female,0.3843229421515292,0,0,9.132927597810493,C,First,woman,False,,Cherbourg,yes,True,-0.6223367722723301,1,Adult,12.939158008378197,woman,Very_High,0,True,False,False,True,False,False,False,False,True,False,False,False,False,True,False,False,False,True,False,False,False,False,False,False,False
1,2,female,1.4563829326162374,0,1,-0.1703683126955415,S,Second,woman,False,,Southampton,yes,False,0.035513783200323175,0,Middle_Age,-0.22158303292362594,woman,High,0,False,False,True,False,True,False,False,False,False,True,False,False,False,True,False,False,True,False,False,False,False,False,False,False,False
1,3,male,-1.9027383708398486,4,2,-0.06730745038694219,S,Third,child,False,,Southampton,yes,False,3.324766560563589,0,Child,-0.44603978562436497,child,High,1,False,False,True,False,False,True,True,False,False,False,False,True,False,False,False,False,True,False,False,False,False,False,False,False,False
0,1,male,1.5993242646781987,1,1,0.8559361444471693,S,First,man,True,E,Southampton,no,False,0.6933643386729765,0,Middle_Age,0.13555218189986065,man,Very_High,1,False,False,True,True,False,False,False,False,False,True,False,False,True,False,False,False,False,True,False,False,False,False,True,False,False
0,1,male,0.741676272306432,0,0,-0.6677385994748607,S,First,man,True,B,Southampton,no,True,-0.6223367722723301,1,Middle_Age,-0.5642219844147939,man,Low,1,False,False,True,True,False,False,False,False,False,True,False,False,True,False,True,False,False,False,False,True,False,False,False,False,False
0,3,female,-0.5805310492667083,0,0,-0.5194839947617944,Q,Third,woman,False,,Queenstown,no,True,-0.6223367722723301,1,Adult,-0.359956455641213,woman,Low,0,False,True,False,False,False,True,False,False,True,False,False,False,False,True,True,False,False,False,False,False,False,False,False,False,False
0,2,male,0.45579360818250975,0,0,-0.4668775221216741,S,Second,man,True,,Southampton,no,True,-0.6223367722723301,1,Middle_Age,-0.2874751389796198,man,Medium,1,False,False,True,False,True,False,False,False,False,True,False,False,True,False,False,True,False,False,False,False,False,False,False,False,False
0,3,male,-0.9736197124371013,4,1,0.09146844885414819,S,Third,man,True,,Southampton,no,False,2.666916005090936,0,Teen,-0.3898824538083102,man,Very_High,1,False,False,True,False,False,True,False,True,False,False,False,False,True,False,False,False,False,True,False,False,False,False,False,False,False
1,3,male,-0.3303837181582764,1,0,-0.5190057541014297,S,Third,man,True,,Southampton,yes,False,0.035513783200323175,0,Adult,-0.46175975949772347,man,Low,1,False,False,True,False,False,True,False,False,True,False,False,False,True,False,True,False,False,False,False,False,False,False,False,False,False
1,1,female,2.0281482608640817,0,1,2.2679416941740347,S,First,woman,False,C,Southampton,yes,False,0.035513783200323175,0,Middle_Age,1.4581714807087969,woman,Very_High,0,False,False,True,True,False,False,False,False,False,True,False,False,False,True,False,False,False,True,False,False,True,False,False,False,False
1,1,female,0.3843229421515292,0,0,1.9268757589030405,S,First,woman,False,C,Southampton,yes,True,-0.6223367722723301,1,Adult,3.0106435309149773,woman,Very_High,0,False,False,True,True,False,False,False,False,True,False,False,False,False,True,False,False,False,True,False,False,True,False,False,False,False
0,1,male,0.741676272306432,0,0,-0.0747201806225955,S,First,man,True,,Southampton,no,True,-0.6223367722723301,1,Middle_Age,0.25284013067952965,man,High,1,False,False,True,True,False,False,False,False,False,True,False,False,True,False,False,False,True,False,False,False,False,False,False,False,False
1,3,male,-0.3303837181582764,0,0,-0.6677385994748607,S,Third,man,True,,Southampton,yes,True,-0.6223367722723301,1,Adult,-0.5642219844147939,man,Low,1,False,False,True,False,False,True,False,False,True,False,False,False,True,False,True,False,False,False,False,False,False,False,False,False,False
1,2,female,0.8131469383374125,0,1,-0.2947108843903713,S,Second,woman,False,,Southampton,yes,False,0.035513783200323175,0,Middle_Age,-0.30724277079641793,woman,High,0,False,False,True,False,True,False,False,False,False,True,False,False,False,True,False,False,True,False,False,False,False,False,False,False,False
0,1,male,0.5272642742134903,0,1,-0.09958869496156147,C,First,man,True,C,Cherbourg,no,False,0.035513783200323175,0,Middle_Age,-0.17282287444219052,man,High,1,True,False,False,True,False,False,False,False,False,True,False,False,True,False,False,False,True,False,False,False,True,False,False,False,False
1,1,female,2.3855015910189845,1,0,0.8235745554416085,S,First,woman,False,D,Southampton,yes,False,0.035513783200323175,0,Senior,0.4631453298942028,woman,Very_High,0,False,False,True,True,False,False,False,False,False,False,True,False,False,True,False,False,False,True,False,False,False,True,False,False,False
0,3,female,1.0990296024613346,0,0,-0.5194839947617944,S,Third,woman,False,,Southampton,no,True,-0.6223367722723301,1,Middle_Age,-0.359956455641213,woman,Low,0,False,False,True,False,False,True,False,False,False,True,False,False,False,True,True,False,False,False,False,False,False,False,False,False,False
0,2,male,0.026969611996626397,0,0,-0.6677385994748607,S,Second,man,True,,Southampton,no,True,-0.6223367722723301,1,Adult,-0.5642219844147939,man,Low,1,False,False,True,False,True,False,False,False,True,False,False,False,True,False,True,False,False,False,False,False,False,False,False,False,False
0,3,male,-1.6168557067159264,4,1,-0.11058823014995024,Q,Third,child,False,,Queenstown,no,False,2.666916005090936,0,Child,-0.4362814784894058,child,High,1,False,True,False,False,False,True,True,False,False,False,False,True,False,False,False,False,True,False,False,False,False,False,False,False,False
1,3,female,0.3843229421515292,1,1,-0.2803636645794294,S,Third,woman,False,,Southampton,yes,False,0.6933643386729765,0,Adult,-0.38631329806361053,woman,High,0,False,False,True,False,False,True,False,False,True,False,False,False,False,True,False,False,True,False,False,False,False,False,False,False,False
0,3,male,2.528442923080946,0,0,-0.5194839947617944,Q,Third,man,True,,Queenstown,no,True,-0.6223367722723301,1,Senior,-0.359956455641213,man,Low,1,False,True,False,False,False,True,False,False,False,False,True,False,True,False,True,False,False,False,False,False,False,False,False,False,False
0,3,male,-0.11597172006533471,0,0,-0.5174906876893942,S,Third,man,True,,Southampton,no,True,-0.6223367722723301,1,Adult,-0.3572100726607992,man,Low,1,False,False,True,False,False,True,False,False,True,False,False,False,True,False,True,False,False,False,False,False,False,False,False,False,False
0,3,male,-0.9736197124371013,0,0,-0.4860071485362633,S,Third,man,True,,Southampton,no,True,-0.6223367722723301,1,Teen,-0.3138319814020173,man,Medium,1,False,False,True,False,False,True,False,True,False,False,False,False,True,False,False,True,False,False,False,False,False,False,False,False,False
1,3,male,-0.7592077143441597,0,0,-0.5137451068374177,S,Third,man,True,,Southampton,yes,True,-0.6223367722723301,1,Adult,-0.3520494029144937,man,Low,1,False,False,True,False,False,True,False,False,True,False,False,False,True,False,True,False,False,False,False,False,False,False,False,False,False
0,1,male,0.741676272306432,0,0,-0.1703683126955415,S,First,man,True,A,Southampton,no,True,-0.6223367722723301,1,Middle_Age,0.12105591856754198,man,High,1,False,False,True,True,False,False,False,False,False,True,False,False,True,False,False,False,True,False,True,False,False,False,False,False,False
0,3,male,0.24138161008956807,0,0,-0.5020282106584818,C,Third,man,True,,Cherbourg,no,True,-0.6223367722723301,1,Adult,-0.33590583693077525,man,Medium,1,True,False,False,False,False,True,False,False,True,False,False,False,True,False,False,True,False,False,False,False,False,False,False,False,False
1,3,male,0.026969611996626397,0,0,-0.4860071485362633,S,Third,man,True,,Southampton,yes,True,-0.6223367722723301,1,Adult,-0.3138319814020173,man,Medium,1,False,False,True,False,False,True,False,False,True,False,False,False,True,False,False,True,False,False,False,False,False,False,False,False,False
0,3,male,-0.544795716251218,0,0,-0.5166948952305473,S,Third,man,True,,Southampton,no,True,-0.6223367722723301,1,Adult,-0.3561136280160274,man,Low,1,False,False,True,False,False,True,False,False,True,False,False,False,True,False,True,False,False,False,False,False,False,False,False,False,False
1,2,male,0.8846176043683931,0,0,-0.4190534560852011,S,Second,man,True,,Southampton,yes,True,-0.6223367722723301,1,Middle_Age,-0.22158303292362594,man,Medium,1,False,False,True,False,True,False,False,False,False,True,False,False,True,False,False,True,False,False,False,False,False,False,False,False,False
1,3,female,-0.544795716251218,0,0,-0.5194839947617944,Q,Third,woman,False,,Queenstown,yes,True,-0.6223367722723301,1,Adult,-0.359956455641213,woman,Low,0,False,True,False,False,False,True,False,False,True,False,False,False,False,True,True,False,False,False,False,False,False,False,False,False,False
1,1,female,-0.2589130521272958,0,0,0.8406324433154977,S,First,woman,False,,Southampton,yes,True,-0.6223367722723301,1,Adult,1.5140150405912514,woman,Very_High,0,False,False,True,True,False,False,False,False,True,False,False,False,False,True,False,False,False,True,False,False,False,False,False,False,False
1,1,female,-0.7592077143441597,1,0,1.0745724706647921,C,First,woman,False,B,Cherbourg,yes,False,0.035513783200323175,0,Adult,0.6360580767642208,woman,Very_High,0,True,False,False,True,False,False,False,False,True,False,False,False,False,True,False,False,False,True,False,True,False,False,False,False,False
0,2,male,0.45579360818250975,0,0,-0.42144465938702474,C,Second,man,True,D,Cherbourg,no,True,-0.6223367722723301,1,Middle_Age,-0.22487763822642565,man,Medium,1,True,False,False,False,True,False,False,False,False,True,False,False,True,False,False,True,False,False,False,False,False,True,False,False,False
0,3,female,-0.40185438418925695,0,0,-0.4984414057057463,S,Third,woman,False,,Southampton,no,True,-0.6223367722723301,1,Adult,-0.3309639289765757,woman,Medium,0,False,False,True,False,False,True,False,False,True,False,False,False,False,True,False,True,False,False,False,False,False,False,False,False,False
0,3,male,-0.40185438418925695,0,0,-0.5166948952305473,S,Third,man,True,,Southampton,no,True,-0.6223367722723301,1,Adult,-0.3561136280160274,man,Low,1,False,False,True,False,False,True,False,False,True,False,False,False,True,False,True,False,False,False,False,False,False,False,False,False,False
0,3,male,-0.4375897172047472,0,0,-0.5294467041985125,C,Third,man,True,,Cherbourg,no,True,-0.6223367722723301,1,Adult,-0.37368309917479764,man,Low,1,True,False,False,False,False,True,False,False,True,False,False,False,True,False,True,False,False,False,False,False,False,False,False,False,False
0,1,female,-1.9742090368708292,1,2,2.2313562836561327,S,First,child,False,C,Southampton,no,False,1.3512148941456297,0,Child,0.4343728828637927,child,Very_High,0,False,False,True,True,False,False,True,False,False,False,False,True,False,False,False,False,False,True,False,False,True,False,False,False,False
1,1,male,0.741676272306432,0,0,-0.0842849938298901,S,First,man,True,C,Southampton,yes,True,-0.6223367722723301,1,Middle_Age,0.23966170946833087,man,High,1,False,False,True,True,False,False,False,False,False,True,False,False,True,False,False,False,True,False,False,False,True,False,False,False,False
1,1,female,1.4563829326162374,0,1,4.06724183436539,C,First,woman,False,B,Cherbourg,yes,False,0.035513783200323175,0,Middle_Age,2.6977113765180936,woman,Very_High,0,True,False,False,True,False,False,False,False,False,True,False,False,False,True,False,False,False,True,False,True,False,False,False,False,False
1,3,male,-0.3303837181582764,2,0,-0.2229747853356618,Q,Third,man,True,,Queenstown,yes,False,0.6933643386729765,0,Adult,-0.359956455641213,man,High,1,False,True,False,False,False,True,False,False,True,False,False,False,True,False,False,False,True,False,False,False,False,False,False,False,False
0,3,male,-0.7592077143441597,0,0,-0.6677385994748607,S,Third,man,True,,Southampton,no,True,-0.6223367722723301,1,Adult,-0.5642219844147939,man,Low,1,False,False,True,False,False,True,False,False,True,False,False,False,True,False,True,False,False,False,False,False,False,False,False,False,False
1,2,female,-0.11597172006533471,0,0,-0.43148771325468405,Q,Second,woman,False,E,Queenstown,yes,True,-0.6223367722723301,1,Adult,-0.23871498049818435,woman,Medium,0,False,True,False,False,True,False,False,False,True,False,False,False,False,True,False,True,False,False,False,False,False,False,True,False,False
1,1,male,-2.051397356184288,1,2,2.2313562836561327,S,First,child,False,C,Southampton,yes,False,1.3512148941456297,0,Child,0.4343728828637927,child,Very_High,1,False,False,True,True,False,False,True,False,False,False,False,True,False,False,False,False,False,True,False,False,True,False,False,False,False
1,1,female,0.3843229421515292,0,0,1.4534175051419582,C,First,woman,False,,Cherbourg,yes,True,-0.6223367722723301,1,Adult,2.3583116809606386,woman,Very_High,0,True,False,False,True,False,False,False,False,True,False,False,False,False,True,False,False,False,True,False,False,False,False,False,False,False
1,1,female,-0.9021490464061208,1,0,1.4154777170739035,C,First,woman,False,C,Cherbourg,yes,False,0.035513783200323175,0,Teen,0.8709080854847517,woman,Very_High,0,True,False,False,True,False,False,False,True,False,False,False,False,False,True,False,False,False,True,False,False,True,False,False,False,False
0,2,male,0.026969611996626397,1,0,-0.2086275655247199,C,Second,man,True,,Cherbourg,no,False,0.035513783200323175,0,Adult,-0.24793987534602346,man,High,1,True,False,False,False,True,False,False,False,True,False,False,False,True,False,False,False,True,False,False,False,False,False,False,False,False
1,1,female,0.026969611996626397,0,0,0.42129572860657083,C,First,woman,False,E,Cherbourg,yes,True,-0.6223367722723301,1,Adult,0.9362519692183598,woman,Very_High,0,True,False,False,True,False,False,False,False,True,False,False,False,False,True,False,False,False,True,False,False,False,False,True,False,False
1,1,female,-0.40185438418925695,0,0,0.9230486127974724,C,First,woman,False,C,Cherbourg,yes,True,-0.6223367722723301,1,Adult,1.6275682247996668,woman,Very_High,0,True,False,False,True,False,False,False,False,True,False,False,False,False,True,False,False,False,True,False,False,True,False,False,False,False
1,1,female,-0.8306783803751403,2,2,4.351397131052981,C,First,woman,False,B,Cherbourg,yes,False,2.009065449618283,0,Teen,0.8188533217005167,woman,Very_High,0,True,False,False,True,False,False,False,True,False,False,False,False,False,True,False,False,False,True,False,True,False,False,False,False,False
0,2,female,-0.2589130521272958,1,1,-0.1703683126955415,S,Second,woman,False,,Southampton,no,False,0.6933643386729765,0,Adult,-0.33579601675401527,woman,High,0,False,False,True,False,True,False,False,False,True,False,False,False,False,True,False,False,True,False,False,False,False,False,False,False,False
0,2,male,0.9560882703993736,1,1,-0.1655859060918942,S,Second,man,True,,Southampton,no,False,0.6933643386729765,0,Middle_Age,-0.3335996132188155,man,High,1,False,False,True,False,True,False,False,False,False,True,False,False,True,False,False,False,True,False,False,False,False,False,False,False,False
1,3,female,-0.2589130521272958,0,0,-0.5174906876893942,S,Third,woman,False,,Southampton,yes,True,-0.6223367722723301,1,Adult,-0.3572100726607992,woman,Low,0,False,False,True,False,False,True,False,False,True,False,False,False,False,True,True,False,False,False,False,False,False,False,False,False,False
1,2,female,-0.40185438418925695,1,0,-0.1703683126955415,S,Second,woman,False,,Southampton,yes,False,0.035513783200323175,0,Adult,-0.22158303292362594,woman,High,0,False,False,True,False,True,False,False,False,True,False,False,False,False,True,False,False,True,False,False,False,False,False,False,False,False
0,2,male,1.7422655967401597,0,0,-0.3999238296706119,S,Second,man,True,,Southampton,no,True,-0.6223367722723301,1,Middle_Age,-0.1952261905012284,man,Medium,1,False,False,True,False,True,False,False,False,False,True,False,False,True,False,False,True,False,False,False,False,False,False,False,False,False
1,1,female,0.09844027802760695,0,2,2.4860997797312927,S,First,woman,False,C,Southampton,yes,False,0.6933643386729765,0,Adult,0.8842332264521019,woman,Very_High,0,False,False,True,True,False,False,False,False,True,False,False,False,False,True,False,False,False,True,False,False,True,False,False,False,False
1,1,female,0.741676272306432,1,1,1.905196153287387,C,First,woman,False,E,Cherbourg,yes,False,0.6933643386729765,0,Middle_Age,0.6174431175226955,woman,Very_High,0,True,False,False,True,False,False,False,False,False,True,False,False,False,True,False,False,False,True,False,False,False,False,True,False,False
0,3,male,-0.18744238609631528,0,0,-0.5166948952305473,S,Third,man,True,,Southampton,no,True,-0.6223367722723301,1,Adult,-0.3561136280160274,man,Low,1,False,False,True,False,False,True,False,False,True,False,False,False,True,False,True,False,False,False,False,False,False,False,False,False,False
1,2,female,0.026969611996626397,0,0,-0.43148771325468405,Q,Second,woman,False,,Queenstown,yes,True,-0.6223367722723301,1,Adult,-0.23871498049818435,woman,Medium,0,False,True,False,False,True,False,False,False,True,False,False,False,False,True,False,True,False,False,False,False,False,False,False,False,False
1,2,female,-0.544795716251218,1,1,-0.1129794334517739,S,Second,woman,False,,Southampton,yes,False,0.6933643386729765,0,Adult,-0.3094391743316177,woman,High,0,False,False,True,False,True,False,False,False,True,False,False,False,False,True,False,False,True,False,False,False,False,False,False,False,False
1,1,female,0.45579360818250975,0,0,1.9268757589030405,C,First,woman,False,C,Cherbourg,yes,True,-0.6223367722723301,1,Middle_Age,3.0106435309149773,woman,Very_High,0,True,False,False,True,False,False,False,False,False,True,False,False,False,True,False,False,False,True,False,False,True,False,False,False,False
0,3,male,2.2425602589570235,0,0,-0.5484175547138606,S,Third,man,True,,Southampton,no,True,-0.6223367722723301,1,Senior,-0.39982117980508924,man,Low,1,False,False,True,False,False,True,False,False,False,False,True,False,True,False,True,False,False,False,False,False,False,False,False,False,False
1,2,female,0.45579360818250975,0,0,-0.4190534560852011,S,Second,woman,False,D,Southampton,yes,True,-0.6223367722723301,1,Middle_Age,-0.22158303292362594,woman,Medium,0,False,False,True,False,True,False,False,False,False,True,False,False,False,True,False,True,False,False,False,False,False,True,False,False,False
1,3,female,0.09844027802760695,1,1,-0.2751030173154174,S,Third,woman,False,,Southampton,yes,False,0.6933643386729765,0,Adult,-0.3838972541748908,woman,High,0,False,False,True,False,False,True,False,False,True,False,False,False,False,True,False,False,True,False,False,False,False,False,False,False,False
1,1,female,-0.9736197124371013,0,1,0.44138183634188943,C,First,woman,False,B,Cherbourg,yes,False,0.035513783200323175,0,Teen,0.19985233467354163,woman,Very_High,0,True,False,False,True,False,False,False,True,False,False,False,False,False,True,False,False,False,True,False,True,False,False,False,False,False
1,3,female,-0.5805310492667083,2,0,-0.2229747853356618,Q,Third,woman,False,,Queenstown,yes,False,0.6933643386729765,0,Adult,-0.359956455641213,woman,High,0,False,True,False,False,False,True,False,False,True,False,False,False,False,True,False,False,True,False,False,False,False,False,False,False,False
0,1,male,1.134764935476825,0,0,-0.1225442466590685,S,First,man,True,C,Southampton,no,True,-0.6223367722723301,1,Middle_Age,0.18694802462353582,man,High,1,False,False,True,True,False,False,False,False,False,True,False,False,True,False,False,False,True,False,False,False,True,False,False,False,False
0,1,male,0.5987349402444708,0,1,2.2679416941740347,S,First,man,True,C,Southampton,no,False,0.035513783200323175,0,Middle_Age,1.4581714807087969,man,Very_High,1,False,False,True,True,False,False,False,False,False,True,False,False,True,False,False,False,False,True,False,False,True,False,False,False,False
0,3,male,-0.9736197124371013,2,0,-0.32340532401225514,S,Third,man,True,,Southampton,no,False,0.6933643386729765,0,Teen,-0.40608092988040867,man,High,1,False,False,True,False,False,True,False,True,False,False,False,False,True,False,False,False,True,False,False,False,False,False,False,False,False
1,1,female,0.3843229421515292,1,0,1.8889359708349862,S,First,woman,False,,Southampton,yes,False,0.035513783200323175,0,Adult,1.1970740104619213,woman,Very_High,0,False,False,True,True,False,False,False,False,True,False,False,False,False,True,False,False,False,True,False,False,False,False,False,False,False
0,1,male,-0.04450105403435416,1,0,0.60629451973678,S,First,man,True,C,Southampton,no,False,0.035513783200323175,0,Adult,0.3134608682510439,man,Very_High,1,False,False,True,True,False,False,False,False,True,False,False,False,True,False,False,False,False,True,False,False,True,False,False,False,False
1,1,female,0.8131469383374125,0,0,1.905196153287387,C,First,woman,False,E,Cherbourg,yes,True,-0.6223367722723301,1,Middle_Age,2.9807733213976744,woman,Very_High,0,True,False,False,True,False,False,False,False,False,True,False,False,False,True,False,False,False,True,False,False,False,False,True,False,False
1,3,male,1.0990296024613346,0,0,-0.5137451068374177,S,Third,man,True,,Southampton,yes,True,-0.6223367722723301,1,Middle_Age,-0.3520494029144937,man,Low,1,False,False,True,False,False,True,False,False,False,True,False,False,True,False,True,False,False,False,False,False,False,False,False,False,False
0,1,male,1.0990296024613346,0,0,0.011363138243055909,S,First,man,True,,Southampton,no,True,-0.6223367722723301,1,Middle_Age,0.3714459215803185,man,Very_High,1,False,False,True,True,False,False,False,False,False,True,False,False,True,False,False,False,False,True,False,False,False,False,False,False,False
1,2,male,-1.9742090368708292,1,1,-0.1703683126955415,S,Second,child,False,F,Southampton,yes,False,0.6933643386729765,0,Child,-0.33579601675401527,child,High,1,False,False,True,False,True,False,True,False,False,False,False,True,False,False,False,False,True,False,False,False,False,False,False,True,False
1,1,female,-0.40185438418925695,3,2,4.3633531475620995,S,First,woman,False,C,Southampton,yes,False,2.666916005090936,0,Adult,0.5910862751002981,woman,Very_High,0,False,False,True,True,False,False,False,False,True,False,False,False,False,True,False,False,False,True,False,False,True,False,False,False,False
0,2,male,-0.11597172006533471,0,0,-0.4190534560852011,S,Second,man,True,,Southampton,no,True,-0.6223367722723301,1,Adult,-0.22158303292362594,man,Medium,1,False,False,True,False,True,False,False,False,True,False,False,False,True,False,False,True,False,False,False,False,False,False,False,False,False
0,2,male,0.45579360818250975,0,0,-0.4190534560852011,S,Second,man,True,,Southampton,no,True,-0.6223367722723301,1,Middle_Age,-0.22158303292362594,man,Medium,1,False,False,True,False,True,False,False,False,False,True,False,False,True,False,False,True,False,False,False,False,False,False,False,False,False
1,2,female,-0.40185438418925695,0,0,-0.4190534560852011,S,Second,woman,False,F,Southampton,yes,True,-0.6223367722723301,1,Adult,-0.22158303292362594,woman,Medium,0,False,False,True,False,True,False,False,False,True,False,False,False,False,True,False,True,False,False,False,False,False,False,False,True,False
1,2,female,0.741676272306432,0,0,-0.4190534560852011,S,Second,woman,False,,Southampton,yes,True,-0.6223367722723301,1,Middle_Age,-0.22158303292362594,woman,Medium,0,False,False,True,False,True,False,False,False,False,True,False,False,False,True,False,True,False,False,False,False,False,False,False,False,False
1,3,female,-0.5805310492667083,1,0,-0.3597516141999746,S,Third,woman,False,,Southampton,yes,False,0.035513783200323175,0,Adult,-0.3520494029144937,woman,High,0,False,False,True,False,False,True,False,False,True,False,False,False,False,True,False,False,True,False,False,False,False,False,False,False,False
1,3,male,-1.9027383708398486,1,1,-0.36357753948289245,S,Third,child,False,,Southampton,yes,False,0.6933643386729765,0,Child,-0.4245307195760869,child,Medium,1,False,False,True,False,False,True,True,False,False,False,False,True,False,False,False,True,False,False,False,False,False,False,False,False,False
0,3,male,0.8846176043683931,0,0,-0.5020282106584818,S,Third,man,True,,Southampton,no,True,-0.6223367722723301,1,Middle_Age,-0.33590583693077525,man,Medium,1,False,False,True,False,False,True,False,False,False,True,False,False,True,False,False,True,False,False,False,False,False,False,False,False,False
0,3,male,-0.47332505022023746,0,0,-0.4912677958002753,S,Third,man,True,,Southampton,no,True,-0.6223367722723301,1,Adult,-0.32108011306817663,man,Medium,1,False,False,True,False,False,True,False,False,True,False,False,False,True,False,False,True,False,False,False,False,False,False,False,False,False
0,1,male,0.741676272306432,0,0,0.0017983250357613083,S,First,man,True,C,Southampton,no,True,-0.6223367722723301,1,Middle_Age,0.35826750036911975,man,Very_High,1,False,False,True,True,False,False,False,False,False,True,False,False,True,False,False,False,False,True,False,False,True,False,False,False,False
0,3,male,-1.0450903784680818,1,1,-0.5294467041985125,C,Third,child,False,,Cherbourg,no,False,0.6933643386729765,0,Teen,-0.5007090226681284,child,Low,1,True,False,False,False,False,True,False,True,False,False,False,True,False,False,True,False,False,False,False,False,False,False,False,False,False
0,3,male,-0.3303837181582764,1,0,-0.32723124929517294,S,Third,man,True,,Southampton,no,False,0.035513783200323175,0,Adult,-0.3296460868554558,man,High,1,False,False,True,False,False,True,False,False,True,False,False,False,True,False,False,False,True,False,False,False,False,False,False,False,False
1,1,female,-0.544795716251218,0,1,0.38439085332754536,S,First,woman,False,E,Southampton,yes,False,0.035513783200323175,0,Adult,0.16059118220113827,woman,Very_High,0,False,False,True,True,False,False,False,False,True,False,False,False,False,True,False,False,False,True,False,False,False,False,True,False,False
0,2,female,0.5987349402444708,0,0,-0.4190534560852011,S,Second,woman,False,,Southampton,no,True,-0.6223367722723301,1,Middle_Age,-0.22158303292362594,woman,Medium,0,False,False,True,False,True,False,False,False,False,True,False,False,False,True,False,True,False,False,False,False,False,False,False,False,False
0,3,male,0.741676272306432,1,4,-0.13402202250782205,S,Third,man,True,,Southampton,no,False,2.666916005090936,0,Middle_Age,-0.4416626671506454,man,High,1,False,False,True,False,False,True,False,False,False,True,False,False,True,False,False,False,True,False,False,False,False,False,False,False,False
0,2,male,-0.04450105403435416,1,0,-0.1374500515613164,C,Second,man,True,,Cherbourg,no,False,0.035513783200323175,0,Adult,-0.1989056057033951,man,High,1,True,False,False,False,True,False,False,False,True,False,False,False,True,False,False,False,True,False,False,False,False,False,False,False,False
0,3,female,1.0990296024613346,0,1,-0.3912351533531055,C,Third,woman,False,,Cherbourg,no,False,0.035513783200323175,0,Middle_Age,-0.37373844854388466,woman,Medium,0,True,False,False,False,False,True,False,False,False,True,False,False,False,True,False,True,False,False,False,False,False,False,False,False,False
0,3,male,0.3843229421515292,0,0,-0.5328747332520068,S,Third,man,True,,Southampton,no,True,-0.6223367722723301,1,Adult,-0.37840624533689127,man,Low,1,False,False,True,False,False,True,False,False,True,False,False,False,True,False,True,False,False,False,False,False,False,False,False,False,False
0,3,male,0.026969611996626397,0,0,-0.529048807969089,S,Third,man,True,,Southampton,no,True,-0.6223367722723301,1,Adult,-0.37313487685241176,man,Low,1,False,False,True,False,False,True,False,False,True,False,False,False,True,False,True,False,False,False,False,False,False,False,False,False,False
1,1,female,2.171089592926043,1,0,0.7717657882229767,C,First,woman,False,D,Cherbourg,yes,False,0.035513783200323175,0,Middle_Age,0.4274542117279133,woman,Very_High,0,True,False,False,True,False,False,False,False,False,True,False,False,False,True,False,False,False,True,False,False,False,True,False,False,False
1,3,female,-0.5805310492667083,0,0,-0.5294467041985125,C,Third,woman,False,,Cherbourg,yes,True,-0.6223367722723301,1,Adult,-0.37368309917479764,woman,Low,0,True,False,False,False,False,True,False,False,True,False,False,False,False,True,True,False,False,False,False,False,False,False,False,False,False
1,1,female,-0.40185438418925695,0,0,0.6579445110561708,C,First,woman,False,B,Cherbourg,yes,True,-0.6223367722723301,1,Adult,1.262307195457355,woman,Very_High,0,True,False,False,True,False,False,False,False,True,False,False,False,False,True,False,False,False,True,False,True,False,False,False,False,False
1,1,male,-0.3303837181582764,1,0,0.39284040931486935,C,First,man,True,E,Cherbourg,yes,False,0.035513783200323175,0,Adult,0.16641209085012473,man,Very_High,1,True,False,False,True,False,False,False,False,True,False,False,False,True,False,False,False,False,True,False,False,False,False,True,False,False
0,3,male,-0.8306783803751403,1,0,-0.5434763722109722,S,Third,man,True,,Southampton,no,False,0.035513783200323175,0,Teen,-0.4786175959110889,man,Low,1,False,False,True,False,False,True,False,True,False,False,False,False,True,False,True,False,False,False,False,False,False,False,False,False,False
0,3,male,-0.7592077143441597,0,0,-0.5137451068374177,S,Third,man,True,,Southampton,no,True,-0.6223367722723301,1,Adult,-0.3520494029144937,man,Low,1,False,False,True,False,False,True,False,False,True,False,False,False,True,False,True,False,False,False,False,False,False,False,False,False,False
0,1,male,-0.544795716251218,0,0,1.9268757589030405,C,First,man,True,,Cherbourg,no,True,-0.6223367722723301,1,Adult,3.0106435309149773,man,Very_High,1,True,False,False,True,False,False,False,False,True,False,False,False,True,False,False,False,False,True,False,False,False,False,False,False,False
0,3,female,-1.9027383708398486,3,1,-0.26458172278739334,S,Third,child,False,,Southampton,no,False,2.009065449618283,0,Child,-0.45312789360438827,child,High,0,False,False,True,False,False,True,True,False,False,False,False,True,False,False,False,False,True,False,False,False,False,False,False,False,False
1,1,female,0.3843229421515292,1,0,0.9041581067130656,C,First,woman,False,,Cherbourg,yes,False,0.035513783200323175,0,Adult,0.5186594292463778,woman,Very_High,0,True,False,False,True,False,False,False,False,True,False,False,False,False,True,False,False,False,True,False,False,False,False,False,False,False
1,3,female,-0.544795716251218,0,0,-0.529048807969089,S,Third,woman,False,,Southampton,yes,True,-0.6223367722723301,1,Adult,-0.37313487685241176,woman,Low,0,False,False,True,False,False,True,False,False,True,False,False,False,False,True,True,False,False,False,False,False,False,False,False,False,False
0,1,male,-0.18744238609631528,0,2,3.3781773872107554,C,First,man,True,C,Cherbourg,no,False,0.6933643386729765,0,Adult,1.293935406364232,man,Very_High,1,True,False,False,True,False,False,False,False,True,False,False,False,True,False,False,False,False,True,False,False,True,False,False,False,False
0,3,male,-0.6877370483131792,0,0,-0.5909809734863216,C,Third,man,True,,Cherbourg,no,True,-0.6223367722723301,1,Adult,-0.4584651541949238,man,Low,1,True,False,False,False,False,True,False,False,True,False,False,False,True,False,True,False,False,False,False,False,False,False,False,False,False
0,3,male,-0.7592077143441597,0,0,-0.5190057541014297,S,Third,man,True,,Southampton,no,True,-0.6223367722723301,1,Adult,-0.35929753458065306,man,Low,1,False,False,True,False,False,True,False,False,True,False,False,False,True,False,True,False,False,False,False,False,False,False,False,False,False
1,1,female,0.8846176043683931,0,0,3.684729650504547,C,First,woman,False,,Cherbourg,yes,True,-0.6223367722723301,1,Middle_Age,5.432618587741205,woman,Very_High,0,True,False,False,True,False,False,False,False,False,True,False,False,False,True,False,False,False,True,False,False,False,False,False,False,False
1,3,female,-2.04567970290181,0,2,-0.3666057593443219,C,Third,child,False,,Cherbourg,yes,False,0.6933643386729765,0,Child,-0.42592148229457544,child,Medium,0,True,False,False,False,False,True,True,False,False,False,False,True,False,False,False,True,False,False,False,False,False,False,False,False,False
0,3,male,0.1699109440585875,0,0,-0.5161363101392413,S,Third,man,True,,Southampton,no,True,-0.6223367722723301,1,Adult,-0.3553440082172934,man,Low,1,False,False,True,False,False,True,False,False,True,False,False,False,True,False,True,False,False,False,False,False,False,False,False,False,False
1,1,female,0.3843229421515292,1,0,0.32700197408377774,S,First,woman,False,,Southampton,yes,False,0.035513783200323175,0,Adult,0.12105591856754198,woman,Very_High,0,False,False,True,True,False,False,False,False,True,False,False,False,False,True,False,False,False,True,False,False,False,False,False,False,False
0,2,male,-0.8306783803751403,0,0,0.7382889419974455,S,Second,man,True,,Southampton,no,True,-0.6223367722723301,1,Teen,1.3730059336314246,man,Very_High,1,False,False,True,False,True,False,False,True,False,False,False,False,True,False,False,False,False,True,False,False,False,False,False,False,False
0,3,male,-2.04567970290181,5,2,0.22944087936937277,S,Third,child,False,,Southampton,no,False,3.9826171160362427,0,Child,-0.40970499571348834,child,Very_High,1,False,False,True,False,False,True,True,False,False,False,False,True,False,False,False,False,False,True,False,False,False,False,False,False,False
1,2,female,0.45579360818250975,0,0,-0.4190534560852011,S,Second,woman,False,,Southampton,yes,True,-0.6223367722723301,1,Middle_Age,-0.22158303292362594,woman,Medium,0,False,False,True,False,True,False,False,False,False,True,False,False,False,True,False,True,False,False,False,False,False,False,False,False,False
0,3,male,-0.3303837181582764,0,0,-0.519881890991218,Q,Third,man,True,,Queenstown,no,True,-0.6223367722723301,1,Adult,-0.3605046779635989,man,Low,1,False,True,False,False,False,True,False,False,True,False,False,False,True,False,True,False,False,False,False,False,False,False,False,False,False
1,2,female,-0.9021490464061208,0,0,-0.4381830824997903,C,Second,woman,False,,Cherbourg,yes,True,-0.6223367722723301,1,Teen,-0.24793987534602346,woman,Medium,0,True,False,False,False,True,False,False,True,False,False,False,False,False,True,False,True,False,False,False,False,False,False,False,False,False
1,1,male,0.45579360818250975,1,2,1.6278165702758434,S,First,man,True,B,Southampton,yes,False,1.3512148941456297,0,Middle_Age,0.22648328825713213,man,Very_High,1,False,False,True,True,False,False,False,False,False,True,False,False,True,False,False,False,False,True,False,True,False,False,False,False,False
1,3,male,-0.6162663822821985,0,0,-0.5186078578720063,S,Third,man,True,,Southampton,yes,True,-0.6223367722723301,1,Adult,-0.3587493122582672,man,Low,1,False,False,True,False,False,True,False,False,True,False,False,False,True,False,True,False,False,False,False,False,False,False,False,False,False
0,3,male,-0.11597172006533471,2,0,-0.5161363101392413,S,Third,man,True,,Southampton,no,False,0.6933643386729765,0,Adult,-0.4945959923489604,man,Low,1,False,False,True,False,False,True,False,False,True,False,False,False,True,False,True,False,False,False,False,False,False,False,False,False,False
1,1,female,-0.47332505022023746,1,0,1.4991698326377312,C,First,woman,False,D,Cherbourg,yes,False,0.035513783200323175,0,Adult,0.9285636782837464,woman,Very_High,0,True,False,False,True,False,False,False,False,True,False,False,False,False,True,False,False,False,True,False,False,False,True,False,False,False
1,3,female,-0.40185438418925695,0,2,-0.3482738383512211,S,Third,woman,False,G,Southampton,yes,False,0.6933643386729765,0,Adult,-0.41750222826344763,woman,High,0,False,False,True,False,False,True,False,False,True,False,False,False,False,True,False,False,True,False,False,False,False,False,False,False,True
0,3,male,-0.544795716251218,0,0,-0.5186078578720063,S,Third,man,True,,Southampton,no,True,-0.6223367722723301,1,Adult,-0.3587493122582672,man,Low,1,False,False,True,False,False,True,False,False,True,False,False,False,True,False,True,False,False,False,False,False,False,False,False,False,False
0,3,female,0.09844027802760695,0,0,-0.5174906876893942,S,Third,woman,False,,Southampton,no,True,-0.6223367722723301,1,Adult,-0.3572100726607992,woman,Low,0,False,False,True,False,False,True,False,False,True,False,False,False,False,True,True,False,False,False,False,False,False,False,False,False,False
0,2,male,1.1705002684923154,0,0,-0.1703683126955415,S,Second,man,True,,Southampton,no,True,-0.6223367722723301,1,Middle_Age,0.12105591856754198,man,High,1,False,False,True,False,True,False,False,False,False,True,False,False,True,False,False,False,True,False,False,False,False,False,False,False,False
0,2,male,-0.47332505022023746,0,0,-0.4668775221216741,S,Second,man,True,,Southampton,no,True,-0.6223367722723301,1,Adult,-0.2874751389796198,man,Medium,1,False,False,True,False,True,False,False,False,True,False,False,False,True,False,False,True,False,False,False,False,False,False,False,False,False
1,2,female,-0.11597172006533471,0,0,-0.4257488253303074,S,Second,woman,False,,Southampton,yes,True,-0.6223367722723301,1,Adult,-0.23080792777146508,woman,Medium,0,False,False,True,False,True,False,False,False,True,False,False,False,False,True,False,True,False,False,False,False,False,False,False,False,False
1,3,male,0.6702056062754514,0,0,-0.5161363101392413,S,Third,man,True,,Southampton,yes,True,-0.6223367722723301,1,Middle_Age,-0.3553440082172934,man,Low,1,False,False,True,False,False,True,False,False,False,True,False,False,True,False,True,False,False,False,False,False,False,False,False,False,False
0,3,male,-0.2589130521272958,0,0,-0.5137451068374177,S,Third,man,True,,Southampton,no,True,-0.6223367722723301,1,Adult,-0.3520494029144937,man,Low,1,False,False,True,False,False,True,False,False,True,False,False,False,True,False,True,False,False,False,False,False,False,False,False,False,False
0,3,female,-0.6162663822821985,1,0,-0.4797900199515218,S,Third,woman,False,,Southampton,no,False,0.035513783200323175,0,Adult,-0.43474399601476604,woman,Medium,0,False,False,True,False,False,True,False,False,True,False,False,False,False,True,False,True,False,False,False,False,False,False,False,False,False
0,3,male,-0.11597172006533471,1,0,-0.36453402080362185,S,Third,man,True,,Southampton,no,False,0.035513783200323175,0,Adult,-0.3553440082172934,man,Medium,1,False,False,True,False,False,True,False,False,True,False,False,False,True,False,False,True,False,False,False,False,False,False,False,False,False
0,3,female,-0.6877370483131792,0,0,-0.5020282106584818,S,Third,woman,False,,Southampton,no,True,-0.6223367722723301,1,Adult,-0.33590583693077525,woman,Medium,0,False,False,True,False,False,True,False,False,True,False,False,False,False,True,False,True,False,False,False,False,False,False,False,False,False
0,2,male,0.3128522761205486,1,0,-0.2660164447684875,S,Second,man,True,,Southampton,no,False,0.035513783200323175,0,Adult,-0.2874751389796198,man,High,1,False,False,True,False,True,False,False,False,True,False,False,False,True,False,False,False,True,False,False,False,False,False,False,False,False
0,3,male,1.5278535986472181,0,0,-0.5194839947617944,S,Third,man,True,,Southampton,no,True,-0.6223367722723301,1,Middle_Age,-0.359956455641213,man,Low,1,False,False,True,False,False,True,False,False,False,True,False,False,True,False,True,False,False,False,False,False,False,False,False,False,False
1,2,male,-1.9027383708398486,1,1,-0.3090581042013132,S,Second,child,False,,Southampton,yes,False,0.6933643386729765,0,Child,-0.3994917192748093,child,High,1,False,False,True,False,True,False,True,False,False,False,False,True,False,False,False,False,True,False,False,False,False,False,False,False,False
0,3,male,-0.6162663822821985,0,0,-0.5190057541014297,S,Third,man,True,,Southampton,no,True,-0.6223367722723301,1,Adult,-0.35929753458065306,man,Low,1,False,False,True,False,False,True,False,False,True,False,False,False,True,False,True,False,False,False,False,False,False,False,False,False,False
0,3,male,-0.3303837181582764,0,0,-0.5365418826356836,Q,Third,man,True,,Queenstown,no,True,-0.6223367722723301,1,Adult,-0.3834588520292649,man,Low,1,False,True,False,False,False,True,False,False,True,False,False,False,True,False,True,False,False,False,False,False,False,False,False,False,False
1,1,female,0.24138161008956807,1,0,1.0539277778381673,Q,First,woman,False,C,Queenstown,yes,False,0.035513783200323175,0,Adult,0.6218359245930951,woman,Very_High,0,False,True,False,True,False,False,False,False,True,False,False,False,False,True,False,False,False,True,False,False,True,False,False,False,False
1,3,male,1.0275589364303541,0,0,-0.5161363101392413,S,Third,man,True,,Southampton,yes,True,-0.6223367722723301,1,Middle_Age,-0.3553440082172934,man,Low,1,False,False,True,False,False,True,False,False,False,True,False,False,True,False,True,False,False,False,False,False,False,False,False,False,False
0,3,female,-0.5805310492667083,0,0,-0.5137451068374177,S,Third,woman,False,,Southampton,no,True,-0.6223367722723301,1,Adult,-0.3520494029144937,woman,Low,0,False,False,True,False,False,True,False,False,True,False,False,False,False,True,True,False,False,False,False,False,False,False,False,False,False
1,2,female,0.3128522761205486,1,1,-0.0460257410007117,S,Second,woman,False,,Southampton,yes,False,0.6933643386729765,0,Adult,-0.2786895248388206,woman,High,0,False,False,True,False,True,False,False,False,True,False,False,False,False,True,False,False,True,False,False,False,False,False,False,False,False
1,2,female,-0.8306783803751403,0,2,-0.4190534560852011,S,Second,woman,False,,Southampton,yes,False,0.6933643386729765,0,Teen,-0.4500090005844046,woman,Medium,0,False,False,True,False,True,False,False,True,False,False,False,False,False,True,False,True,False,False,False,False,False,False,False,False,False
0,3,female,-1.4024437086229846,0,2,-0.20575812156253154,S,Third,child,False,,Southampton,no,False,0.6933643386729765,0,Child,-0.35204940291449377,child,High,0,False,False,True,False,False,True,True,False,False,False,False,True,False,False,False,False,True,False,False,False,False,False,False,False,False
0,3,male,-0.6162663822821985,0,0,-0.5198034595229181,Q,Third,man,True,,Queenstown,no,True,-0.6223367722723301,1,Adult,-0.360396614909667,man,Low,1,False,True,False,False,False,True,False,False,True,False,False,False,True,False,True,False,False,False,False,False,False,False,False,False,False
0,3,male,-0.04450105403435416,0,0,-0.5170927914599708,S,Third,man,True,,Southampton,no,True,-0.6223367722723301,1,Adult,-0.3566618503384133,man,Low,1,False,False,True,False,False,True,False,False,True,False,False,False,True,False,True,False,False,False,False,False,False,False,False,False,False
0,3,female,-0.11597172006533471,1,1,-0.39227197910477624,S,Third,woman,False,,Southampton,no,False,0.6933643386729765,0,Adult,-0.4377091407872857,woman,Medium,0,False,False,True,False,False,True,False,False,True,False,False,False,False,True,False,True,False,False,False,False,False,False,False,False,False
0,3,male,-0.8306783803751403,1,1,-0.28108102556997655,S,Third,man,True,,Southampton,no,False,0.6933643386729765,0,Teen,-0.38664275859389047,man,High,1,False,False,True,False,False,True,False,True,False,False,False,False,True,False,False,False,True,False,False,False,False,False,False,False,False
1,2,female,-0.11597172006533471,1,0,-0.1703683126955415,S,Second,woman,False,,Southampton,yes,False,0.035513783200323175,0,Adult,-0.22158303292362594,woman,High,0,False,False,True,False,True,False,False,False,True,False,False,False,False,True,False,False,True,False,False,False,False,False,False,False,False
1,2,female,-0.7592077143441597,0,0,-0.1703683126955415,S,Second,woman,False,,Southampton,yes,True,-0.6223367722723301,1,Adult,0.12105591856754198,woman,High,0,False,False,True,False,True,False,False,False,True,False,False,False,False,True,False,False,True,False,False,False,False,False,False,False,False
1,3,male,0.1699109440585875,0,0,-0.5137451068374177,S,Third,man,True,E,Southampton,yes,True,-0.6223367722723301,1,Adult,-0.3520494029144937,man,Low,1,False,False,True,False,False,True,False,False,True,False,False,False,True,False,True,False,False,False,False,False,False,False,True,False,False
1,1,male,-0.11597172006533471,0,0,-0.15984701816751742,S,First,man,True,C,Southampton,yes,True,-0.6223367722723301,1,Adult,0.13555218189986065,man,High,1,False,False,True,True,False,False,False,False,True,False,False,False,True,False,False,False,True,False,False,False,True,False,False,False,False
1,2,female,0.8846176043683931,1,0,-0.1703683126955415,S,Second,woman,False,,Southampton,yes,False,0.035513783200323175,0,Middle_Age,-0.22158303292362594,woman,High,0,False,False,True,False,True,False,False,False,False,True,False,False,False,True,False,False,True,False,False,False,False,False,False,False,False
0,3,male,-0.9021490464061208,0,0,-0.5314400112709127,S,Third,man,True,,Southampton,no,True,-0.6223367722723301,1,Teen,-0.37642948215521144,man,Low,1,False,False,True,False,False,True,False,True,False,False,False,False,True,False,True,False,False,False,False,False,False,False,False,False,False
0,1,male,1.4563829326162374,1,0,0.4016075171006756,S,First,man,True,E,Southampton,no,False,0.035513783200323175,0,Middle_Age,0.17245176129121714,man,Very_High,1,False,False,True,True,False,False,False,False,False,True,False,False,True,False,False,False,False,True,False,False,False,False,True,False,False
1,1,female,-1.1165610444990626,1,2,1.6278165702758434,S,First,child,False,B,Southampton,yes,False,1.3512148941456297,0,Teen,0.22648328825713213,child,Very_High,0,False,False,True,True,False,False,False,True,False,False,False,True,False,False,False,False,False,True,False,True,False,False,False,False,False
0,3,female,-0.6162663822821985,2,2,-0.010157691473356942,S,Third,woman,False,,Southampton,no,False,2.009065449618283,0,Adult,-0.38301869276081085,woman,High,0,False,False,True,False,False,True,False,False,True,False,False,False,False,True,False,False,True,False,False,False,False,False,False,False,False
1,2,female,-0.40185438418925695,2,3,-0.3090581042013132,S,Second,woman,False,,Southampton,yes,False,2.666916005090936,0,Adult,-0.4818568518448016,woman,High,0,False,False,True,False,True,False,False,False,True,False,False,False,False,True,False,False,True,False,False,False,False,False,False,False,False
0,1,male,2.4569722570499652,1,4,4.3633531475620995,S,First,man,True,C,Southampton,no,False,2.666916005090936,0,Senior,0.5910862751002981,man,Very_High,1,False,False,True,True,False,False,False,False,False,False,True,False,True,False,False,False,False,True,False,False,True,False,False,False,False
0,2,male,0.09844027802760695,0,0,-0.4668775221216741,S,Second,man,True,,Southampton,no,True,-0.6223367722723301,1,Adult,-0.2874751389796198,man,Medium,1,False,False,True,False,True,False,False,False,True,False,False,False,True,False,False,True,False,False,False,False,False,False,False,False,False
1,2,female,1.0990296024613346,1,1,-0.1655859060918942,S,Second,woman,False,,Southampton,yes,False,0.6933643386729765,0,Middle_Age,-0.3335996132188155,woman,High,0,False,False,True,False,True,False,False,False,False,True,False,False,False,True,False,False,True,False,False,False,False,False,False,False,False
0,3,male,-0.6877370483131792,0,0,-0.4860071485362633,S,Third,man,True,,Southampton,no,True,-0.6223367722723301,1,Adult,-0.3138319814020173,man,Medium,1,False,False,True,False,False,True,False,False,True,False,False,False,True,False,False,True,False,False,False,False,False,False,False,False,False
0,3,male,-0.3303837181582764,1,0,-0.5190057541014297,S,Third,man,True,,Southampton,no,False,0.035513783200323175,0,Adult,-0.46175975949772347,man,Low,1,False,False,True,False,False,True,False,False,True,False,False,False,True,False,True,False,False,False,False,False,False,False,False,False,False
1,2,female,-0.11597172006533471,0,0,-0.4190534560852011,S,Second,woman,False,,Southampton,yes,True,-0.6223367722723301,1,Adult,-0.22158303292362594,woman,Medium,0,False,False,True,False,True,False,False,False,True,False,False,False,False,True,False,True,False,False,False,False,False,False,False,False,False
1,3,male,-0.3303837181582764,0,0,-0.5125495051865058,S,Third,man,True,,Southampton,yes,True,-0.6223367722723301,1,Adult,-0.3504021002630939,man,Medium,1,False,False,True,False,False,True,False,False,True,False,False,False,True,False,False,True,False,False,False,False,False,False,False,False,False
1,1,male,-1.8312677048088681,0,2,0.8981800984585064,S,First,child,False,A,Southampton,yes,False,0.6933643386729765,0,Child,0.15495345360698748,child,Very_High,1,False,False,True,True,False,False,True,False,False,False,False,True,False,False,False,False,False,True,True,False,False,False,False,False,False
1,2,female,-1.188031710530043,0,1,-0.2947108843903713,S,Second,child,False,,Southampton,yes,False,0.035513783200323175,0,Teen,-0.30724277079641793,child,High,0,False,False,True,False,True,False,False,True,False,False,False,True,False,False,False,False,True,False,False,False,False,False,False,False,False
1,1,male,0.3128522761205486,0,0,-0.15984701816751742,S,First,man,True,,Southampton,yes,True,-0.6223367722723301,1,Adult,0.13555218189986065,man,High,1,False,False,True,True,False,False,False,False,True,False,False,False,True,False,False,False,True,False,False,False,False,False,False,False,False
1,3,female,-1.7597970387778874,2,1,-0.29933451509477754,C,Third,child,False,,Cherbourg,yes,False,1.3512148941456297,0,Child,-0.4373249898089792,child,High,0,True,False,False,False,False,True,True,False,False,False,False,True,False,False,False,False,True,False,False,False,False,False,False,False,False
1,1,male,1.5993242646781987,0,0,-0.0842849938298901,S,First,man,True,C,Southampton,yes,True,-0.6223367722723301,1,Middle_Age,0.23966170946833087,man,High,1,False,False,True,True,False,False,False,False,False,True,False,False,True,False,False,False,True,False,False,False,True,False,False,False,False
0,2,male,0.45579360818250975,1,2,-0.1368914664700104,S,Second,man,True,,Southampton,no,False,1.3512148941456297,0,Middle_Age,-0.381371390109411,man,High,1,False,False,True,False,True,False,False,False,False,True,False,False,True,False,False,False,True,False,False,False,False,False,False,False,False
0,3,male,-0.3303837181582764,1,0,-0.2857830877426825,S,Third,man,True,,Southampton,no,False,0.035513783200323175,0,Adult,-0.30109240161715145,man,High,1,False,False,True,False,False,True,False,False,True,False,False,False,True,False,False,False,True,False,False,False,False,False,False,False,False
0,1,male,0.026969611996626397,0,0,-0.1368914664700104,C,First,man,True,C,Cherbourg,no,True,-0.6223367722723301,1,Adult,0.16718039280673766,man,High,1,True,False,False,True,False,False,False,False,True,False,False,False,True,False,False,False,True,False,False,False,True,False,False,False,False
1,1,male,1.384912266585257,1,0,1.0367914584959785,C,First,man,True,C,Cherbourg,yes,False,0.035513783200323175,0,Middle_Age,0.6100306948721034,man,Very_High,1,True,False,False,True,False,False,False,False,False,True,False,False,True,False,False,False,False,True,False,False,True,False,False,False,False
1,3,male,-0.04450105403435416,0,0,-0.5166948952305473,C,Third,man,True,,Cherbourg,yes,True,-0.6223367722723301,1,Adult,-0.3561136280160274,man,Low,1,True,False,False,False,False,True,False,False,True,False,False,False,True,False,True,False,False,False,False,False,False,False,False,False,False
0,1,male,2.528442923080946,0,0,-0.15984701816751742,S,First,man,True,E,Southampton,no,True,-0.6223367722723301,1,Senior,0.13555218189986065,man,High,1,False,False,True,True,False,False,False,False,False,False,True,False,True,False,False,False,True,False,False,False,False,False,True,False,False
1,1,female,0.3843229421515292,1,0,0.32437165045177163,S,First,woman,False,D,Southampton,yes,False,0.035513783200323175,0,Adult,0.11924388565100212,woman,Very_High,0,False,False,True,True,False,False,False,False,True,False,False,False,False,True,False,False,False,True,False,False,False,True,False,False,False
1,2,female,1.4563829326162374,0,0,-0.4668775221216741,S,Second,woman,False,,Southampton,yes,True,-0.6223367722723301,1,Middle_Age,-0.2874751389796198,woman,Medium,0,False,False,True,False,True,False,False,False,False,True,False,False,False,True,False,True,False,False,False,False,False,False,False,False,False
1,1,male,1.3134416005542764,0,0,-0.15984701816751742,S,First,man,True,E,Southampton,yes,True,-0.6223367722723301,1,Middle_Age,0.13555218189986065,man,High,1,False,False,True,True,False,False,False,False,False,True,False,False,True,False,False,False,True,False,False,False,False,False,True,False,False
0,3,male,0.3128522761205486,0,0,-0.5137451068374177,S,Third,man,True,,Southampton,no,True,-0.6223367722723301,1,Adult,-0.3520494029144937,man,Low,1,False,False,True,False,False,True,False,False,True,False,False,False,True,False,True,False,False,False,False,False,False,False,False,False,False
0,1,male,1.2419709345232959,0,0,0.06875201748682351,S,First,man,True,E,Southampton,no,True,-0.6223367722723301,1,Middle_Age,0.45051644884751113,man,Very_High,1,False,False,True,True,False,False,False,False,False,True,False,False,True,False,False,False,False,True,False,False,False,False,True,False,False
0,2,male,1.3134416005542764,0,0,-0.4190534560852011,S,Second,man,True,,Southampton,no,True,-0.6223367722723301,1,Middle_Age,-0.22158303292362594,man,Medium,1,False,False,True,False,True,False,False,False,False,True,False,False,True,False,False,True,False,False,False,False,False,False,False,False,False
0,3,male,0.5987349402444708,0,0,-0.5328747332520068,S,Third,man,True,,Southampton,no,True,-0.6223367722723301,1,Middle_Age,-0.37840624533689127,man,Low,1,False,False,True,False,False,True,False,False,False,True,False,False,True,False,True,False,False,False,False,False,False,False,False,False,False
0,1,male,1.885206928802121,0,0,-0.15984701816751742,S,First,man,True,,Southampton,no,True,-0.6223367722723301,1,Middle_Age,0.13555218189986065,man,High,1,False,False,True,True,False,False,False,False,False,True,False,False,True,False,False,False,True,False,False,False,False,False,False,False,False
0,3,male,-0.3303837181582764,0,0,-0.5199622354221591,Q,Third,man,True,,Queenstown,no,True,-0.6223367722723301,1,Adult,-0.36061537670177296,man,Low,1,False,True,False,False,False,True,False,False,True,False,False,False,True,False,True,False,False,False,False,False,False,False,False,False,False
1,3,female,-2.0635473694095547,2,1,-0.29933451509477754,C,Third,child,False,,Cherbourg,yes,False,1.3512148941456297,0,Child,-0.4373249898089792,child,High,0,True,False,False,False,False,True,True,False,False,False,False,True,False,False,False,False,True,False,False,False,False,False,False,False,False
0,3,male,0.5987349402444708,0,0,-0.5020282106584818,S,Third,man,True,,Southampton,no,True,-0.6223367722723301,1,Middle_Age,-0.33590583693077525,man,Medium,1,False,False,True,False,False,True,False,False,False,True,False,False,True,False,False,True,False,False,False,False,False,False,False,False,False
1,2,female,0.24138161008956807,1,2,-0.1368914664700104,S,Second,woman,False,,Southampton,yes,False,1.3512148941456297,0,Adult,-0.381371390109411,woman,High,0,False,False,True,False,True,False,False,False,True,False,False,False,False,True,False,False,True,False,False,False,False,False,False,False,False
1,2,female,-0.47332505022023746,0,0,-0.4039085308527709,C,Second,woman,False,D,Cherbourg,yes,True,-0.6223367722723301,1,Adult,-0.2007163207778138,woman,Medium,0,True,False,False,False,True,False,False,False,True,False,False,False,False,True,False,True,False,False,False,False,False,True,False,False,False
0,3,female,-0.544795716251218,0,0,-0.4795508996213395,S,Third,woman,False,,Southampton,no,True,-0.6223367722723301,1,Adult,-0.3049365470844581,woman,Medium,0,False,False,True,False,False,True,False,False,True,False,False,False,False,True,False,True,False,False,False,False,False,False,False,False,False
0,1,male,0.741676272306432,0,0,0.32700197408377774,S,First,man,True,A,Southampton,no,True,-0.6223367722723301,1,Middle_Age,0.8063338215498779,man,Very_High,1,False,False,True,True,False,False,False,False,False,True,False,False,True,False,False,False,False,True,True,False,False,False,False,False,False
0,3,male,-0.04450105403435416,1,0,-0.5329550776829481,S,Third,man,True,,Southampton,no,False,0.035513783200323175,0,Adult,-0.4713694642449296,man,Low,1,False,False,True,False,False,True,False,False,True,False,False,False,True,False,True,False,False,False,False,False,False,False,False,False,False
0,3,male,-0.544795716251218,0,0,-0.5238685051360182,S,Third,man,True,,Southampton,no,True,-0.6223367722723301,1,Adult,-0.36599744392442646,man,Low,1,False,False,True,False,False,True,False,False,True,False,False,False,True,False,True,False,False,False,False,False,False,False,False,False,False
1,3,female,-1.9742090368708292,0,1,-0.4326833149055959,S,Third,child,False,,Southampton,yes,False,0.035513783200323175,0,Child,-0.40229213378218903,child,Medium,0,False,False,True,False,False,True,True,False,False,False,False,True,False,False,False,True,False,False,False,False,False,False,False,False,False
0,3,male,-1.4739143746539654,5,2,0.22944087936937277,S,Third,child,False,,Southampton,no,False,3.9826171160362427,0,Child,-0.40970499571348834,child,Very_High,1,False,False,True,False,False,True,True,False,False,False,False,True,False,False,False,False,False,True,False,False,False,False,False,False,False
0,3,male,1.4563829326162374,0,0,-0.5137451068374177,S,Third,man,True,,Southampton,no,True,-0.6223367722723301,1,Middle_Age,-0.3520494029144937,man,Low,1,False,False,True,False,False,True,False,False,False,True,False,False,True,False,True,False,False,False,False,False,False,False,False,False,False
1,3,female,2.3855015910189845,0,0,-0.48433330622498677,S,Third,woman,False,,Southampton,yes,True,-0.6223367722723301,1,Senior,-0.3115257576900575,woman,Medium,0,False,False,True,False,False,True,False,False,False,False,True,False,False,True,False,True,False,False,False,False,False,False,False,False,False
1,1,male,-0.3303837181582764,1,0,1.0745724706647921,C,First,man,True,B,Cherbourg,yes,False,0.035513783200323175,0,Adult,0.6360580767642208,man,Very_High,1,True,False,False,True,False,False,False,False,True,False,False,False,True,False,False,False,False,True,False,True,False,False,False,False,False
1,1,female,0.3843229421515292,1,0,1.0539277778381673,S,First,woman,False,C,Southampton,yes,False,0.035513783200323175,0,Adult,0.6218359245930951,woman,Very_High,0,False,False,True,True,False,False,False,False,True,False,False,False,False,True,False,False,False,True,False,False,True,False,False,False,False
0,1,male,2.0281482608640817,0,0,-0.09958869496156147,C,First,man,True,B,Cherbourg,no,True,-0.6223367722723301,1,Middle_Age,0.21857623553041283,man,High,1,True,False,False,True,False,False,False,False,False,True,False,False,True,False,False,False,True,False,False,True,False,False,False,False,False
1,3,male,-1.4739143746539654,1,1,-0.36357753948289245,S,Third,child,False,,Southampton,yes,False,0.6933643386729765,0,Child,-0.4245307195760869,child,Medium,1,False,False,True,False,False,True,True,False,False,False,False,True,False,False,False,True,False,False,False,False,False,False,False,False,False
0,3,male,-0.6162663822821985,0,0,-0.529048807969089,S,Third,man,True,,Southampton,no,True,-0.6223367722723301,1,Adult,-0.37313487685241176,man,Low,1,False,False,True,False,False,True,False,False,True,False,False,False,True,False,True,False,False,False,False,False,False,False,False,False,False
0,1,male,1.8137362627711402,0,0,-0.0842849938298901,S,First,man,True,C,Southampton,no,True,-0.6223367722723301,1,Middle_Age,0.23966170946833087,man,High,1,False,False,True,True,False,False,False,False,False,True,False,False,True,False,False,False,True,False,False,False,True,False,False,False,False
0,1,male,2.957266919266829,0,0,0.2792582524782459,C,First,man,True,,Cherbourg,no,True,-0.6223367722723301,1,Senior,0.740552414232058,man,Very_High,1,True,False,False,True,False,False,False,False,False,False,True,False,True,False,False,False,False,True,False,False,False,False,False,False,False
0,3,male,-0.3303837181582764,0,0,-0.39115672188480566,C,Third,man,True,,Cherbourg,no,True,-0.6223367722723301,1,Adult,-0.18314684961904362,man,Medium,1,True,False,False,False,False,True,False,False,True,False,False,False,True,False,False,True,False,False,False,False,False,False,False,False,False
1,1,female,1.7422655967401597,1,0,0.8294741322278679,C,First,woman,False,D,Cherbourg,yes,False,0.035513783200323175,0,Middle_Age,0.46720955499573663,woman,Very_High,0,True,False,False,True,False,False,False,False,False,True,False,False,False,True,False,False,False,True,False,False,False,True,False,False,False
0,3,male,-0.3303837181582764,0,0,-0.37888124061456374,S,Third,man,True,,Southampton,no,True,-0.6223367722723301,1,Adult,-0.16623366383659113,man,Medium,1,False,False,True,False,False,True,False,False,True,False,False,False,True,False,False,True,False,False,False,False,False,False,False,False,False
0,1,female,-0.3303837181582764,1,2,2.2313562836561327,S,First,woman,False,C,Southampton,no,False,1.3512148941456297,0,Adult,0.4343728828637927,woman,Very_High,0,False,False,True,True,False,False,False,False,True,False,False,False,False,True,False,False,False,True,False,False,True,False,False,False,False
0,3,male,-0.40185438418925695,0,0,-0.5186078578720063,S,Third,man,True,,Southampton,no,True,-0.6223367722723301,1,Adult,-0.3587493122582672,man,Low,1,False,False,True,False,False,True,False,False,True,False,False,False,True,False,True,False,False,False,False,False,False,False,False,False,False
0,3,female,-0.6162663822821985,0,0,-0.5194839947617944,Q,Third,woman,False,,Queenstown,no,True,-0.6223367722723301,1,Adult,-0.359956455641213,woman,Low,0,False,True,False,False,False,True,False,False,True,False,False,False,False,True,True,False,False,False,False,False,False,False,False,False,False
0,3,female,-0.5805310492667083,0,0,-0.5217948536326767,Q,Third,woman,False,,Queenstown,no,True,-0.6223367722723301,1,Adult,-0.36314036220583856,woman,Low,0,False,True,False,False,False,True,False,False,True,False,False,False,False,True,True,False,False,False,False,False,False,False,False,False,False
0,3,female,0.5272642742134903,0,0,-0.48433330622498677,S,Third,woman,False,,Southampton,no,True,-0.6223367722723301,1,Middle_Age,-0.3115257576900575,woman,Medium,0,False,False,True,False,False,True,False,False,False,True,False,False,False,True,False,True,False,False,False,False,False,False,False,False,False
1,1,female,-0.9736197124371013,0,0,0.9869740853871052,S,First,woman,False,B,Southampton,yes,True,-0.6223367722723301,1,Teen,1.7156448851225927,woman,Very_High,0,False,False,True,True,False,False,False,True,False,False,False,False,False,True,False,False,False,True,False,True,False,False,False,False,False
0,1,male,-0.8306783803751403,1,0,1.4154777170739035,C,First,man,True,C,Cherbourg,no,False,0.035513783200323175,0,Teen,0.8709080854847517,man,Very_High,1,True,False,False,True,False,False,False,True,False,False,False,False,True,False,False,False,False,True,False,False,True,False,False,False,False
1,2,female,0.24138161008956807,0,2,-0.1703683126955415,S,Second,woman,False,,Southampton,yes,False,0.6933643386729765,0,Adult,-0.33579601675401527,woman,High,0,False,False,True,False,True,False,False,False,True,False,False,False,False,True,False,False,True,False,False,False,False,False,False,False,False
1,1,male,0.741676272306432,0,0,-0.15984701816751742,S,First,man,True,,Southampton,yes,True,-0.6223367722723301,1,Middle_Age,0.13555218189986065,man,High,1,False,False,True,True,False,False,False,False,False,True,False,False,True,False,False,False,True,False,False,False,False,False,False,False,False
0,3,male,-0.11597172006533471,0,0,-0.236843764486239,S,Third,man,True,,Southampton,no,True,-0.6223367722723301,1,Adult,0.02946589114971052,man,High,1,False,False,True,False,False,True,False,False,True,False,False,False,True,False,False,False,True,False,False,False,False,False,False,False,False
1,3,male,-0.2589130521272958,0,0,0.4130049485184879,S,Third,man,True,,Southampton,yes,True,-0.6223367722723301,1,Adult,0.9248289137124927,man,Very_High,1,False,False,True,False,False,True,False,False,True,False,False,False,True,False,False,False,False,True,False,False,False,False,False,False,False
1,3,male,-0.04450105403435416,0,0,-0.5194839947617944,Q,Third,man,True,,Queenstown,yes,True,-0.6223367722723301,1,Adult,-0.359956455641213,man,Low,1,False,True,False,False,False,True,False,False,True,False,False,False,True,False,True,False,False,False,False,False,False,False,False,False,False
1,1,male,0.45579360818250975,0,0,-0.16486854510134707,S,First,man,True,E,Southampton,yes,True,-0.6223367722723301,1,Middle_Age,0.1286335107639813,man,High,1,False,False,True,True,False,False,False,False,False,True,False,False,True,False,False,False,True,False,False,False,False,False,True,False,False
1,1,female,1.7422655967401597,1,0,0.4685612095517378,C,First,woman,False,,Cherbourg,yes,False,0.035513783200323175,0,Middle_Age,0.21857623553041283,woman,Very_High,0,True,False,False,True,False,False,False,False,False,True,False,False,False,True,False,False,False,True,False,False,False,False,False,False,False
0,3,male,-0.40185438418925695,0,0,-0.524346745796383,S,Third,man,True,,Southampton,no,True,-0.6223367722723301,1,Adult,-0.3666563649849865,man,Low,1,False,False,True,False,False,True,False,False,True,False,False,False,True,False,True,False,False,False,False,False,False,False,False,False,False
0,1,male,1.2419709345232959,0,0,-0.016933405149404415,S,First,man,True,D,Southampton,no,True,-0.6223367722723301,1,Middle_Age,0.33245888026910814,man,High,1,False,False,True,True,False,False,False,False,False,True,False,False,True,False,False,False,True,False,False,False,False,True,False,False,False
1,2,female,0.3128522761205486,0,0,-0.4668775221216741,S,Second,woman,False,F,Southampton,yes,True,-0.6223367722723301,1,Adult,-0.2874751389796198,woman,Medium,0,False,False,True,False,True,False,False,False,True,False,False,False,False,True,False,True,False,False,False,False,False,False,False,True,False
0,3,male,-0.3303837181582764,0,0,-0.20575812156253154,Q,Third,man,True,,Queenstown,no,True,-0.6223367722723301,1,Adult,0.07229576008610651,man,High,1,False,True,False,False,False,True,False,False,True,False,False,False,True,False,False,False,True,False,False,False,False,False,False,False,False
1,2,female,0.45579360818250975,1,0,-0.1703683126955415,S,Second,woman,False,,Southampton,yes,False,0.035513783200323175,0,Middle_Age,-0.22158303292362594,woman,High,0,False,False,True,False,True,False,False,False,False,True,False,False,False,True,False,False,True,False,False,False,False,False,False,False,False
0,3,male,0.1699109440585875,0,0,-0.5166948952305473,S,Third,man,True,,Southampton,no,True,-0.6223367722723301,1,Adult,-0.3561136280160274,man,Low,1,False,False,True,False,False,True,False,False,True,False,False,False,True,False,True,False,False,False,False,False,False,False,False,False,False
1,1,female,0.026969611996626397,0,0,1.1208814702892296,S,First,woman,False,B,Southampton,yes,True,-0.6223367722723301,1,Adult,1.9001427820793753,woman,Very_High,0,False,False,True,True,False,False,False,False,True,False,False,False,False,True,False,False,False,True,False,True,False,False,False,False,False
1,1,female,1.0275589364303541,0,1,0.44138183634188943,C,First,woman,False,B,Cherbourg,yes,False,0.035513783200323175,0,Middle_Age,0.19985233467354163,woman,Very_High,0,True,False,False,True,False,False,False,False,False,True,False,False,False,True,False,False,False,True,False,True,False,False,False,False,False
0,3,male,-0.3303837181582764,0,0,-0.5294467041985125,C,Third,man,True,,Cherbourg,no,True,-0.6223367722723301,1,Adult,-0.37368309917479764,man,Low,1,True,False,False,False,False,True,False,False,True,False,False,False,True,False,True,False,False,False,False,False,False,False,False,False,False
0,3,male,0.7774116053219222,0,0,-0.5194839947617944,Q,Third,man,True,,Queenstown,no,True,-0.6223367722723301,1,Middle_Age,-0.359956455641213,man,Low,1,False,True,False,False,False,True,False,False,False,True,False,False,True,False,True,False,False,False,False,False,False,False,False,False,False
0,1,male,0.741676272306432,0,0,3.574814643051601,S,First,man,True,C,Southampton,no,True,-0.6223367722723301,1,Middle_Age,5.281177442550593,man,Very_High,1,False,False,True,True,False,False,False,False,False,True,False,False,True,False,False,False,False,True,False,False,True,False,False,False,False
0,3,male,0.6702056062754514,0,0,-0.5161363101392413,S,Third,man,True,,Southampton,no,True,-0.6223367722723301,1,Middle_Age,-0.3553440082172934,man,Low,1,False,False,True,False,False,True,False,False,False,True,False,False,True,False,True,False,False,False,False,False,False,False,False,False,False
0,2,male,-0.47332505022023746,2,1,-0.4477478957070849,S,Second,man,True,,Southampton,no,False,1.3512148941456297,0,Adult,-0.48844606245040095,man,Medium,1,False,False,True,False,True,False,False,False,True,False,False,False,True,False,False,True,False,False,False,False,False,False,False,False,False
1,2,female,-1.9742090368708292,1,1,-0.1703683126955415,S,Second,child,False,,Southampton,yes,False,0.6933643386729765,0,Child,-0.33579601675401527,child,High,0,False,False,True,False,True,False,True,False,False,False,False,True,False,False,False,False,True,False,False,False,False,False,False,False,False
0,3,male,-0.9021490464061208,1,1,-0.5294467041985125,C,Third,man,True,,Cherbourg,no,False,0.6933643386729765,0,Teen,-0.5007090226681284,man,Low,1,True,False,False,False,False,True,False,True,False,False,False,False,True,False,True,False,False,False,False,False,False,False,False,False,False
1,3,female,-0.5805310492667083,0,2,-0.240032673209551,C,Third,woman,False,,Cherbourg,yes,False,0.6933643386729765,0,Adult,-0.36779058777056367,woman,High,0,True,False,False,False,False,True,False,False,True,False,False,False,False,True,False,False,True,False,False,False,False,False,False,False,False
0,3,female,0.026969611996626397,0,0,-0.5020282106584818,S,Third,woman,False,,Southampton,no,True,-0.6223367722723301,1,Adult,-0.33590583693077525,woman,Medium,0,False,False,True,False,False,True,False,False,True,False,False,False,False,True,False,True,False,False,False,False,False,False,False,False,False
1,2,female,-1.6168557067159264,0,2,-0.1655859060918942,S,Second,child,False,,Southampton,yes,False,0.6933643386729765,0,Child,-0.3335996132188155,child,High,0,False,False,True,False,True,False,True,False,False,False,False,True,False,False,False,False,True,False,False,False,False,False,False,False,False
0,1,male,1.0990296024613346,0,0,-0.15984701816751742,S,First,man,True,B,Southampton,no,True,-0.6223367722723301,1,Middle_Age,0.13555218189986065,man,High,1,False,False,True,True,False,False,False,False,False,True,False,False,True,False,False,False,True,False,False,True,False,False,False,False,False
1,1,female,0.026969611996626397,0,0,1.368131891697795,C,First,woman,False,,Cherbourg,yes,True,-0.6223367722723301,1,Adult,2.2408049703888633,woman,Very_High,0,True,False,False,True,False,False,False,False,True,False,False,False,False,True,False,False,False,True,False,False,False,False,False,False,False
0,3,male,-0.3303837181582764,0,0,-0.39035901646331733,S,Third,man,True,,Southampton,no,True,-0.6223367722723301,1,Adult,-0.18204776929002964,man,Medium,1,False,False,True,False,False,True,False,False,True,False,False,False,True,False,False,True,False,False,False,False,False,False,False,False,False
1,1,female,-0.544795716251218,0,2,0.27917790804730475,C,First,woman,False,B,Cherbourg,yes,False,0.6933643386729765,0,Adult,-0.1293340844452346,woman,Very_High,0,True,False,False,True,False,False,False,False,True,False,False,False,False,True,False,False,False,True,False,True,False,False,False,False,False
1,1,female,0.45579360818250975,0,2,0.6904648759609725,S,First,woman,False,B,Southampton,yes,False,0.6933643386729765,0,Middle_Age,0.05955661958194777,woman,Very_High,0,False,False,True,True,False,False,False,False,False,True,False,False,False,True,False,False,False,True,False,True,False,False,False,False,False
0,3,female,-1.4739143746539654,4,2,-0.06945953335858349,S,Third,child,False,,Southampton,no,False,3.324766560563589,0,Child,-0.44646337773472494,child,High,0,False,False,True,False,False,True,True,False,False,False,False,True,False,False,False,False,True,False,False,False,False,False,False,False,False
0,3,female,-1.330973042592004,4,2,-0.06945953335858349,S,Third,child,False,,Southampton,no,False,3.324766560563589,0,Child,-0.44646337773472494,child,High,0,False,False,True,False,False,True,True,False,False,False,False,True,False,False,False,False,True,False,False,False,False,False,False,False,False
1,2,male,0.1699109440585875,1,0,-0.1703683126955415,S,Second,man,True,,Southampton,yes,False,0.035513783200323175,0,Adult,-0.22158303292362594,man,High,1,False,False,True,False,True,False,False,False,True,False,False,False,True,False,False,False,True,False,False,False,False,False,False,False,False
0,1,male,1.4563829326162374,1,0,1.368131891697795,C,First,man,True,C,Cherbourg,no,False,0.035513783200323175,0,Middle_Age,0.8382914929870348,man,Very_High,1,True,False,False,True,False,False,False,False,False,True,False,False,True,False,False,False,False,True,False,False,True,False,False,False,False
0,1,male,2.4569722570499652,0,0,-0.1703683126955415,S,First,man,True,,Southampton,no,True,-0.6223367722723301,1,Senior,0.12105591856754198,man,High,1,False,False,True,True,False,False,False,False,False,False,True,False,True,False,False,False,True,False,False,False,False,False,False,False,False
1,2,female,-0.7592077143441597,1,0,-0.1703683126955415,S,Second,woman,False,,Southampton,yes,False,0.035513783200323175,0,Adult,-0.22158303292362594,woman,High,0,False,False,True,False,True,False,False,False,True,False,False,False,False,True,False,False,True,False,False,False,False,False,False,False,False
1,2,male,0.026969611996626397,0,0,-0.4025541533026179,C,Second,man,True,,Cherbourg,yes,True,-0.6223367722723301,1,Adult,-0.19885025633430806,man,Medium,1,True,False,False,False,True,False,False,False,True,False,False,False,True,False,False,True,False,False,False,False,False,False,False,False,False
0,3,male,0.24138161008956807,1,1,-0.2751030173154174,S,Third,man,True,,Southampton,no,False,0.6933643386729765,0,Adult,-0.3838972541748908,man,High,1,False,False,True,False,False,True,False,False,True,False,False,False,True,False,False,False,True,False,False,False,False,False,False,False,False
1,2,male,-1.5453850406849459,1,1,0.03527517126129241,S,Second,child,False,,Southampton,yes,False,0.6933643386729765,0,Child,-0.2413506647404241,child,Very_High,1,False,False,True,False,True,False,True,False,False,False,False,True,False,False,False,False,False,True,False,False,False,False,False,False,False
1,1,male,-0.9021490464061208,0,2,1.4534175051419582,C,First,man,True,C,Cherbourg,yes,False,0.6933643386729765,0,Teen,0.40995590404368365,man,Very_High,1,True,False,False,True,False,False,False,True,False,False,False,False,True,False,False,False,False,True,False,False,True,False,False,False,False
0,2,male,-0.18744238609631528,0,0,-0.1703683126955415,S,Second,man,True,,Southampton,no,True,-0.6223367722723301,1,Adult,0.12105591856754198,man,High,1,False,False,True,False,True,False,False,False,True,False,False,False,True,False,False,False,True,False,False,False,False,False,False,False,False
0,3,male,-0.3303837181582764,0,0,-0.5179689283497589,Q,Third,man,True,,Queenstown,no,True,-0.6223367722723301,1,Adult,-0.3578689937213591,man,Low,1,False,True,False,False,False,True,False,False,True,False,False,False,True,False,True,False,False,False,False,False,False,False,False,False,False
1,3,male,-0.544795716251218,0,0,-0.5295270486294538,C,Third,man,True,,Cherbourg,yes,True,-0.6223367722723301,1,Adult,-0.3737937979129717,man,Low,1,True,False,False,False,False,True,False,False,True,False,False,False,True,False,True,False,False,False,False,False,False,False,False,False,False
1,3,female,-0.544795716251218,0,0,-0.5190057541014297,S,Third,woman,False,,Southampton,yes,True,-0.6223367722723301,1,Adult,-0.35929753458065306,woman,Low,0,False,False,True,False,False,True,False,False,True,False,False,False,False,True,True,False,False,False,False,False,False,False,False,False,False
0,1,male,2.3140309249880042,0,0,-0.15984701816751742,S,First,man,True,,Southampton,no,True,-0.6223367722723301,1,Senior,0.13555218189986065,man,High,1,False,False,True,True,False,False,False,False,False,False,True,False,True,False,False,False,True,False,False,False,False,False,False,False,False
1,1,female,1.3134416005542764,1,0,0.08979460654287166,C,First,woman,False,A,Cherbourg,yes,False,0.035513783200323175,0,Middle_Age,-0.042356504451322705,woman,Very_High,0,True,False,False,True,False,False,False,False,False,True,False,False,False,True,False,False,False,True,True,False,False,False,False,False,False
0,1,male,0.741676272306432,0,0,3.684729650504547,C,First,man,True,,Cherbourg,no,True,-0.6223367722723301,1,Middle_Age,5.432618587741205,man,Very_High,1,True,False,False,True,False,False,False,False,False,True,False,False,True,False,False,False,False,True,False,False,False,False,False,False,False
1,1,female,0.6702056062754514,1,1,0.8559361444471693,S,First,woman,False,E,Southampton,yes,False,0.6933643386729765,0,Middle_Age,0.13555218189986065,woman,Very_High,0,False,False,True,True,False,False,False,False,False,True,False,False,False,True,False,False,False,True,False,False,False,False,True,False,False
1,3,female,0.45579360818250975,1,0,-0.33488309986100867,S,Third,woman,False,,Southampton,yes,False,0.035513783200323175,0,Middle_Age,-0.33491745533993533,woman,High,0,False,False,True,False,False,True,False,False,False,True,False,False,False,True,False,False,True,False,False,False,False,False,False,False,False
0,3,male,0.741676272306432,0,0,-0.5166948952305473,S,Third,man,True,,Southampton,no,True,-0.6223367722723301,1,Middle_Age,-0.3561136280160274,man,Low,1,False,False,True,False,False,True,False,False,False,True,False,False,True,False,True,False,False,False,False,False,False,False,False,False,False
0,2,male,-0.11597172006533471,0,0,-0.40948864287790654,S,Second,man,True,,Southampton,no,True,-0.6223367722723301,1,Adult,-0.2084046117124272,man,Medium,1,False,False,True,False,True,False,False,False,True,False,False,False,True,False,False,True,False,False,False,False,False,False,False,False,False
0,3,male,-0.40185438418925695,2,0,-0.20575812156253154,S,Third,man,True,,Southampton,no,False,0.6933643386729765,0,Adult,-0.35204940291449377,man,High,1,False,False,True,False,False,True,False,False,True,False,False,False,True,False,False,False,True,False,False,False,False,False,False,False,False
0,3,male,-0.7592077143441597,0,0,-0.5166948952305473,S,Third,man,True,,Southampton,no,True,-0.6223367722723301,1,Adult,-0.3561136280160274,man,Low,1,False,False,True,False,False,True,False,False,True,False,False,False,True,False,True,False,False,False,False,False,False,False,False,False,False
0,3,female,-0.04450105403435416,0,4,-0.26458172278739334,S,Third,woman,False,,Southampton,no,False,2.009065449618283,0,Adult,-0.45312789360438827,woman,High,0,False,False,True,False,False,True,False,False,True,False,False,False,False,True,False,False,True,False,False,False,False,False,False,False,False
1,3,male,0.1699109440585875,0,0,-0.5174906876893942,S,Third,man,True,,Southampton,yes,True,-0.6223367722723301,1,Adult,-0.3572100726607992,man,Low,1,False,False,True,False,False,True,False,False,True,False,False,False,True,False,True,False,False,False,False,False,False,False,False,False,False
1,2,male,2.3140309249880042,0,0,-0.4668775221216741,S,Second,man,True,,Southampton,yes,True,-0.6223367722723301,1,Senior,-0.2874751389796198,man,Medium,1,False,False,True,False,True,False,False,False,False,False,True,False,True,False,False,True,False,False,False,False,False,False,False,False,False
1,1,female,1.6707949307091792,2,0,0.31703926464705967,S,First,woman,False,C,Southampton,yes,False,0.6933643386729765,0,Middle_Age,-0.11194559693776489,woman,Very_High,0,False,False,True,True,False,False,False,False,False,True,False,False,False,True,False,False,False,True,False,False,True,False,False,False,False
1,1,male,0.45579360818250975,0,0,-0.1629555824598882,S,First,man,True,E,Southampton,yes,True,-0.6223367722723301,1,Middle_Age,0.131269195006221,man,High,1,False,False,True,True,False,False,False,False,False,True,False,False,True,False,False,False,True,False,False,False,False,False,True,False,False
0,3,male,-0.9736197124371013,0,0,-0.5137451068374177,S,Third,man,True,,Southampton,no,True,-0.6223367722723301,1,Teen,-0.3520494029144937,man,Low,1,False,False,True,False,False,True,False,True,False,False,False,False,True,False,True,False,False,False,False,False,False,False,False,False,False
0,3,male,-0.7592077143441597,0,0,-0.39035901646331733,S,Third,man,True,,Southampton,no,True,-0.6223367722723301,1,Adult,-0.18204776929002964,man,Medium,1,False,False,True,False,False,True,False,False,True,False,False,False,True,False,False,True,False,False,False,False,False,False,False,False,False
1,2,female,0.3128522761205486,0,0,-0.4190534560852011,S,Second,woman,False,,Southampton,yes,True,-0.6223367722723301,1,Adult,-0.22158303292362594,woman,Medium,0,False,False,True,False,True,False,False,False,True,False,False,False,False,True,False,True,False,False,False,False,False,False,False,False,False
1,1,female,0.6702056062754514,1,0,0.4016075171006756,S,First,woman,False,E,Southampton,yes,False,0.035513783200323175,0,Middle_Age,0.17245176129121714,woman,Very_High,0,False,False,True,True,False,False,False,False,False,True,False,False,False,True,False,False,False,True,False,False,False,False,True,False,False
0,3,female,-0.5805310492667083,1,0,-0.39115672188480566,C,Third,woman,False,,Cherbourg,no,False,0.035513783200323175,0,Adult,-0.37368441701691874,woman,Medium,0,True,False,False,False,False,True,False,False,True,False,False,False,False,True,False,True,False,False,False,False,False,False,False,False,False
1,3,male,0.1699109440585875,0,0,-0.5161363101392413,S,Third,man,True,,Southampton,yes,True,-0.6223367722723301,1,Adult,-0.3553440082172934,man,Low,1,False,False,True,False,False,True,False,False,True,False,False,False,True,False,True,False,False,False,False,False,False,False,False,False,False
1,2,female,-0.3303837181582764,1,1,-0.0938498070371847,S,Second,woman,False,,Southampton,yes,False,0.6933643386729765,0,Adult,-0.30065356019081857,woman,High,0,False,False,True,False,True,False,False,False,True,False,False,False,False,True,False,False,True,False,False,False,False,False,False,False,False
1,1,female,0.6702056062754514,1,1,1.4534175051419582,C,First,woman,False,C,Cherbourg,yes,False,0.6933643386729765,0,Middle_Age,0.40995590404368365,woman,Very_High,0,True,False,False,True,False,False,False,False,False,True,False,False,False,True,False,False,False,True,False,False,True,False,False,False,False
0,2,male,1.7422655967401597,0,0,-0.1703683126955415,S,Second,man,True,,Southampton,no,True,-0.6223367722723301,1,Middle_Age,0.12105591856754198,man,High,1,False,False,True,False,True,False,False,False,False,True,False,False,True,False,False,False,True,False,False,False,False,False,False,False,False
0,1,male,0.45579360818250975,0,0,0.09983766041053097,C,First,man,True,A,Cherbourg,no,True,-0.6223367722723301,1,Middle_Age,0.49334631778390714,man,Very_High,1,True,False,False,True,False,False,False,False,False,True,False,False,True,False,False,False,False,True,True,False,False,False,False,False,False
0,3,male,-0.3303837181582764,0,0,-0.5010717293377523,C,Third,man,True,,Cherbourg,no,True,-0.6223367722723301,1,Adult,-0.33458799480965534,man,Medium,1,True,False,False,False,False,True,False,False,True,False,False,False,True,False,False,True,False,False,False,False,False,False,False,False,False
1,1,female,-0.8306783803751403,0,2,0.8559361444471693,S,First,woman,False,E,Southampton,yes,False,0.6933643386729765,0,Teen,0.13555218189986065,woman,Very_High,0,False,False,True,True,False,False,False,True,False,False,False,False,False,True,False,False,False,True,False,False,False,False,True,False,False
0,2,male,1.2419709345232959,0,0,-0.3807942032560227,S,Second,man,True,,Southampton,no,True,-0.6223367722723301,1,Middle_Age,-0.1688693480788309,man,Medium,1,False,False,True,False,True,False,False,False,False,True,False,False,True,False,False,True,False,False,False,False,False,False,False,False,False
1,1,male,2.171089592926043,1,1,0.8473278125606041,C,First,man,True,B,Cherbourg,yes,False,0.6933643386729765,0,Middle_Age,0.13159865553650105,man,Very_High,1,True,False,False,True,False,False,False,False,False,True,False,False,True,False,False,False,False,True,False,True,False,False,False,False,False
0,3,male,0.3843229421515292,0,0,-0.5314400112709127,S,Third,man,True,,Southampton,no,True,-0.6223367722723301,1,Adult,-0.37642948215521144,man,Low,1,False,False,True,False,False,True,False,False,True,False,False,False,True,False,True,False,False,False,False,False,False,False,False,False,False
1,1,female,1.5993242646781987,1,0,0.8294741322278679,C,First,woman,False,D,Cherbourg,yes,False,0.035513783200323175,0,Middle_Age,0.46720955499573663,woman,Very_High,0,True,False,False,True,False,False,False,False,False,True,False,False,False,True,False,False,False,True,False,False,False,True,False,False,False
0,3,male,1.2419709345232959,0,0,-0.529048807969089,S,Third,man,True,,Southampton,no,True,-0.6223367722723301,1,Middle_Age,-0.37313487685241176,man,Low,1,False,False,True,False,False,True,False,False,False,True,False,False,True,False,True,False,False,False,False,False,False,False,False,False,False
0,3,female,-0.5805310492667083,0,2,-0.5194839947617944,Q,Third,woman,False,,Queenstown,no,False,0.6933643386729765,0,Adult,-0.49613347482360026,woman,Low,0,False,True,False,False,False,True,False,False,True,False,False,False,False,True,True,False,False,False,False,False,False,False,False,False,False
0,2,male,0.5272642742134903,1,0,-0.1703683126955415,S,Second,man,True,,Southampton,no,False,0.035513783200323175,0,Middle_Age,-0.22158303292362594,man,High,1,False,False,True,False,True,False,False,False,False,True,False,False,True,False,False,False,True,False,False,False,False,False,False,False,False
0,3,male,0.45579360818250975,1,1,-0.20575812156253154,S,Third,man,True,,Southampton,no,False,0.6933643386729765,0,Middle_Age,-0.35204940291449377,man,High,1,False,False,True,False,False,True,False,False,False,True,False,False,True,False,False,False,True,False,False,False,False,False,False,False,False
1,2,female,-0.11597172006533471,0,0,-0.03646092779341709,S,Second,woman,False,,Southampton,yes,True,-0.6223367722723301,1,Adult,0.3055538155243247,woman,High,0,False,False,True,False,True,False,False,False,True,False,False,False,False,True,False,False,True,False,False,False,False,False,False,False,False
0,3,male,1.384912266585257,0,0,-0.6677385994748607,S,Third,man,True,,Southampton,no,True,-0.6223367722723301,1,Middle_Age,-0.5642219844147939,man,Low,1,False,False,True,False,False,True,False,False,False,True,False,False,True,False,True,False,False,False,False,False,False,False,False,False,False
1,1,male,1.384912266585257,1,0,0.42129572860657083,C,First,man,True,A,Cherbourg,yes,False,0.035513783200323175,0,Middle_Age,0.18601499240178296,man,Very_High,1,True,False,False,True,False,False,False,False,False,True,False,False,True,False,False,False,False,True,True,False,False,False,False,False,False
1,2,female,-0.40185438418925695,2,1,-0.1512386862809523,S,Second,woman,False,,Southampton,yes,False,1.3512148941456297,0,Adult,-0.38631329806361053,woman,High,0,False,False,True,False,True,False,False,False,True,False,False,False,False,True,False,False,True,False,False,False,False,False,False,False,False
0,1,male,0.741676272306432,0,0,0.14335756050372137,S,First,man,True,,Southampton,no,True,-0.6223367722723301,1,Middle_Age,0.5533081342948615,man,Very_High,1,False,False,True,True,False,False,False,False,False,True,False,False,True,False,False,False,False,True,False,False,False,False,False,False,False
0,3,male,1.0275589364303541,0,0,-0.5137451068374177,S,Third,man,True,,Southampton,no,True,-0.6223367722723301,1,Middle_Age,-0.3520494029144937,man,Low,1,False,False,True,False,False,True,False,False,False,True,False,False,True,False,True,False,False,False,False,False,False,False,False,False,False
1,1,male,0.3843229421515292,0,0,-0.15984701816751742,C,First,man,True,,Cherbourg,yes,True,-0.6223367722723301,1,Adult,0.13555218189986065,man,High,1,True,False,False,True,False,False,False,False,True,False,False,False,True,False,False,False,True,False,False,False,False,False,False,False,False
0,3,male,0.45579360818250975,1,0,-0.3702729087279986,S,Third,man,True,,Southampton,no,False,0.035513783200323175,0,Middle_Age,-0.35929753458065306,man,Medium,1,False,False,True,False,False,True,False,False,False,True,False,False,True,False,False,True,False,False,False,False,False,False,False,False,False
0,3,male,0.026969611996626397,0,0,-0.5166948952305473,S,Third,man,True,,Southampton,no,True,-0.6223367722723301,1,Adult,-0.3561136280160274,man,Low,1,False,False,True,False,False,True,False,False,True,False,False,False,True,False,True,False,False,False,False,False,False,False,False,False,False
1,1,male,-0.18744238609631528,0,0,-0.0842849938298901,S,First,man,True,,Southampton,yes,True,-0.6223367722723301,1,Adult,0.23966170946833087,man,High,1,False,False,True,True,False,False,False,False,True,False,False,False,True,False,False,False,True,False,False,False,False,False,False,False,False
1,2,female,-0.544795716251218,1,2,0.1276559631426266,C,Second,woman,False,,Cherbourg,yes,False,1.3512148941456297,0,Adult,-0.290247878802456,woman,Very_High,0,True,False,False,False,True,False,False,False,True,False,False,False,False,True,False,False,False,True,False,False,False,False,False,False,False
1,1,female,0.741676272306432,0,0,2.2679416941740347,S,First,woman,False,C,Southampton,yes,True,-0.6223367722723301,1,Middle_Age,3.4805649458323877,woman,Very_High,0,False,False,True,True,False,False,False,False,False,True,False,False,False,True,False,False,False,True,False,False,True,False,False,False,False
0,3,female,0.6702056062754514,1,5,-0.06945953335858349,S,Third,woman,False,,Southampton,no,False,3.324766560563589,0,Middle_Age,-0.44646337773472494,woman,High,0,False,False,True,False,False,True,False,False,False,True,False,False,False,True,False,False,True,False,False,False,False,False,False,False,False
0,3,male,-0.3303837181582764,0,0,-0.5328747332520068,S,Third,man,True,,Southampton,no,True,-0.6223367722723301,1,Adult,-0.37840624533689127,man,Low,1,False,False,True,False,False,True,False,False,True,False,False,False,True,False,True,False,False,False,False,False,False,False,False,False,False
1,2,female,-0.40185438418925695,1,2,0.5756871174734374,S,Second,woman,False,,Southampton,yes,False,1.3512148941456297,0,Adult,-0.13592329505083398,woman,Very_High,0,False,False,True,False,True,False,False,False,True,False,False,False,False,True,False,False,False,True,False,False,False,False,False,False,False
0,3,male,0.3128522761205486,1,1,-0.39227197910477624,S,Third,man,True,,Southampton,no,False,0.6933643386729765,0,Adult,-0.4377091407872857,man,Medium,1,False,False,True,False,False,True,False,False,True,False,False,False,True,False,False,True,False,False,False,False,False,False,False,False,False
0,3,female,-0.2589130521272958,1,0,-0.3597516141999746,S,Third,woman,False,,Southampton,no,False,0.035513783200323175,0,Adult,-0.3520494029144937,woman,High,0,False,False,True,False,False,True,False,False,True,False,False,False,False,True,False,False,True,False,False,False,False,False,False,False,False
1,2,female,-1.8312677048088681,2,1,0.07831683069411811,S,Second,child,False,F,Southampton,yes,False,1.3512148941456297,0,Child,-0.30724277079641793,child,Very_High,0,False,False,True,False,True,False,True,False,False,False,False,True,False,False,False,False,False,True,False,False,False,False,False,True,False
0,2,male,-0.2589130521272958,0,0,-0.4668775221216741,S,Second,man,True,,Southampton,no,True,-0.6223367722723301,1,Adult,-0.2874751389796198,man,Medium,1,False,False,True,False,True,False,False,False,True,False,False,False,True,False,False,True,False,False,False,False,False,False,False,False,False
0,3,male,-0.18744238609631528,1,0,-0.3912351533531055,C,Third,man,True,,Cherbourg,no,False,0.035513783200323175,0,Adult,-0.37373844854388466,man,Medium,1,True,False,False,False,False,True,False,False,True,False,False,False,True,False,False,True,False,False,False,False,False,False,False,False,False
1,1,male,0.8846176043683931,1,0,0.3376036130427431,S,First,man,True,D,Southampton,yes,False,0.035513783200323175,0,Middle_Age,0.12835939960278836,man,Very_High,1,False,False,True,True,False,False,False,False,False,True,False,False,True,False,False,False,False,True,False,False,False,True,False,False,False
1,3,male,-0.6877370483131792,1,1,-0.3666057593443219,C,Third,man,True,,Cherbourg,yes,False,0.6933643386729765,0,Adult,-0.42592148229457544,man,Medium,1,True,False,False,False,False,True,False,False,True,False,False,False,True,False,False,True,False,False,False,False,False,False,False,False,False
0,3,male,-0.6162663822821985,0,0,-0.5174906876893942,S,Third,man,True,,Southampton,no,True,-0.6223367722723301,1,Adult,-0.3572100726607992,man,Low,1,False,False,True,False,False,True,False,False,True,False,False,False,True,False,True,False,False,False,False,False,False,False,False,False,False
0,3,male,-0.6162663822821985,0,0,-0.3597516141999746,S,Third,man,True,,Southampton,no,True,-0.6223367722723301,1,Adult,-0.13987682141419355,man,High,1,False,False,True,False,False,True,False,False,True,False,False,False,True,False,False,False,True,False,False,False,False,False,False,False,False
0,1,male,2.2425602589570235,0,0,-0.04945377005420611,S,First,man,True,D,Southampton,no,True,-0.6223367722723301,1,Senior,0.28765224815103224,man,High,1,False,False,True,True,False,False,False,False,False,False,True,False,True,False,False,False,True,False,False,False,False,True,False,False,False
0,2,male,1.9566775948331014,0,0,-0.43148771325468405,Q,Second,man,True,,Queenstown,no,True,-0.6223367722723301,1,Middle_Age,-0.23871498049818435,man,Medium,1,False,True,False,False,True,False,False,False,False,True,False,False,True,False,False,True,False,False,False,False,False,False,False,False,False
1,1,female,-0.6162663822821985,0,0,0.8235745554416085,S,First,woman,False,D,Southampton,yes,True,-0.6223367722723301,1,Adult,1.4905126442031995,woman,Very_High,0,False,False,True,True,False,False,False,False,True,False,False,False,False,True,False,False,False,True,False,False,False,True,False,False,False
0,3,male,-0.2589130521272958,0,0,-0.5166948952305473,S,Third,man,True,,Southampton,no,True,-0.6223367722723301,1,Adult,-0.3561136280160274,man,Low,1,False,False,True,False,False,True,False,False,True,False,False,False,True,False,True,False,False,False,False,False,False,False,False,False,False
0,3,male,-0.3303837181582764,0,0,-0.5198034595229181,Q,Third,man,True,,Queenstown,no,True,-0.6223367722723301,1,Adult,-0.360396614909667,man,Low,1,False,True,False,False,False,True,False,False,True,False,False,False,True,False,True,False,False,False,False,False,False,False,False,False,False
1,1,male,3.6005029135456543,0,0,-0.0938498070371847,S,First,man,True,A,Southampton,yes,True,-0.6223367722723301,1,Senior,0.22648328825713213,man,High,1,False,False,True,True,False,False,False,False,False,False,True,False,True,False,False,False,True,False,True,False,False,False,False,False,False
0,3,male,1.5278535986472181,0,0,-0.5327943888210656,S,Third,man,True,,Southampton,no,True,-0.6223367722723301,1,Middle_Age,-0.3782955465987172,man,Low,1,False,False,True,False,False,True,False,False,False,True,False,False,True,False,True,False,False,False,False,False,False,False,False,False,False
1,1,male,0.1699109440585875,0,0,-0.0842849938298901,C,First,man,True,B,Cherbourg,yes,True,-0.6223367722723301,1,Adult,0.23966170946833087,man,High,1,True,False,False,True,False,False,False,False,True,False,False,False,True,False,False,False,True,False,False,True,False,False,False,False,False
0,1,male,0.741676272306432,0,0,-0.6677385994748607,S,First,man,True,,Southampton,no,True,-0.6223367722723301,1,Middle_Age,-0.5642219844147939,man,Low,1,False,False,True,True,False,False,False,False,False,True,False,False,True,False,True,False,False,False,False,False,False,False,False,False,False
0,3,female,-1.4739143746539654,3,2,-0.13402202250782205,S,Third,child,False,,Southampton,no,False,2.666916005090936,0,Child,-0.4416626671506454,child,High,0,False,False,True,False,False,True,True,False,False,False,False,True,False,False,False,False,True,False,False,False,False,False,False,False,False
0,2,male,0.09844027802760695,1,1,-0.1655859060918942,S,Second,man,True,,Southampton,no,False,0.6933643386729765,0,Adult,-0.3335996132188155,man,High,1,False,False,True,False,True,False,False,False,True,False,False,False,True,False,False,False,True,False,False,False,False,False,False,False,False
0,3,female,0.8131469383374125,0,5,0.09146844885414819,S,Third,woman,False,,Southampton,no,False,2.666916005090936,0,Middle_Age,-0.3898824538083102,woman,Very_High,0,False,False,True,False,False,True,False,False,False,True,False,False,False,True,False,False,False,True,False,False,False,False,False,False,False
0,3,male,-0.3303837181582764,1,0,-0.3597516141999746,S,Third,man,True,,Southampton,no,False,0.035513783200323175,0,Adult,-0.3520494029144937,man,High,1,False,False,True,False,False,True,False,False,True,False,False,False,True,False,False,False,True,False,False,False,False,False,False,False,False
0,3,female,-1.9742090368708292,3,2,-0.13402202250782205,S,Third,child,False,,Southampton,no,False,2.666916005090936,0,Child,-0.4416626671506454,child,High,0,False,False,True,False,False,True,True,False,False,False,False,True,False,False,False,False,True,False,False,False,False,False,False,False,False
1,3,male,-0.3303837181582764,0,0,0.4130049485184879,S,Third,man,True,,Southampton,yes,True,-0.6223367722723301,1,Adult,0.9248289137124927,man,Very_High,1,False,False,True,False,False,True,False,False,True,False,False,False,True,False,False,False,False,True,False,False,False,False,False,False,False
1,1,male,1.3134416005542764,1,0,0.8000623316154372,C,First,man,True,D,Cherbourg,yes,False,0.035513783200323175,0,Middle_Age,0.4469477323835186,man,Very_High,1,True,False,False,True,False,False,False,False,False,True,False,False,True,False,False,False,False,True,False,False,False,True,False,False,False
1,1,male,1.885206928802121,0,0,0.011363138243055909,C,First,man,True,A,Cherbourg,yes,True,-0.6223367722723301,1,Middle_Age,0.3714459215803185,man,Very_High,1,True,False,False,True,False,False,False,False,False,True,False,False,True,False,False,False,False,True,True,False,False,False,False,False,False
0,3,male,-0.3303837181582764,0,0,-0.5233099200447122,S,Third,man,True,,Southampton,no,True,-0.6223367722723301,1,Adult,-0.3652278241256925,man,Low,1,False,False,True,False,False,True,False,False,True,False,False,False,True,False,True,False,False,False,False,False,False,False,False,False,False
1,3,female,-0.47332505022023746,0,0,-0.5233099200447122,S,Third,woman,False,,Southampton,yes,True,-0.6223367722723301,1,Adult,-0.3652278241256925,woman,Low,0,False,False,True,False,False,True,False,False,True,False,False,False,False,True,True,False,False,False,False,False,False,False,False,False,False
1,2,female,-0.8306783803751403,0,1,-0.2277571919393091,S,Second,woman,False,,Southampton,yes,False,0.035513783200323175,0,Teen,-0.26111829655722224,woman,High,0,False,False,True,False,True,False,False,True,False,False,False,False,False,True,False,False,True,False,False,False,False,False,False,False,False
0,3,male,-0.6162663822821985,0,0,-0.5064127210327056,S,Third,man,True,,Southampton,no,True,-0.6223367722723301,1,Adult,-0.3419468252139888,man,Medium,1,False,False,True,False,False,True,False,False,True,False,False,False,True,False,False,True,False,False,False,False,False,False,False,False,False
1,3,female,-0.5805310492667083,0,0,-0.5179689283497589,Q,Third,woman,False,,Queenstown,yes,True,-0.6223367722723301,1,Adult,-0.3578689937213591,woman,Low,0,False,True,False,False,False,True,False,False,True,False,False,False,False,True,True,False,False,False,False,False,False,False,False,False,False
0,3,female,-0.8306783803751403,0,0,-0.5386136211763837,Q,Third,woman,False,,Queenstown,no,True,-0.6223367722723301,1,Teen,-0.38631329806361053,woman,Low,0,False,True,False,False,False,True,False,True,False,False,False,False,False,True,True,False,False,False,False,False,False,False,False,False,False
0,2,male,-0.40185438418925695,2,0,0.7382889419974455,S,Second,man,True,,Southampton,no,False,0.6933643386729765,0,Adult,0.08152065493394568,man,Very_High,1,False,False,True,False,True,False,False,False,True,False,False,False,True,False,False,False,False,True,False,False,False,False,False,False,False
0,3,female,0.1699109440585875,1,1,-0.3712293900487281,Q,Third,woman,False,,Queenstown,no,False,0.6933643386729765,0,Adult,-0.4280449652324066,woman,Medium,0,False,True,False,False,False,True,False,False,True,False,False,False,False,True,False,True,False,False,False,False,False,False,False,False,False
0,2,male,-0.47332505022023746,0,0,-0.4190534560852011,S,Second,man,True,,Southampton,no,True,-0.6223367722723301,1,Adult,-0.22158303292362594,man,Medium,1,False,False,True,False,True,False,False,False,True,False,False,False,True,False,False,True,False,False,False,False,False,False,False,False,False
0,1,male,2.0281482608640817,0,2,1.4991698326377312,C,First,man,True,D,Cherbourg,no,False,0.6933643386729765,0,Middle_Age,0.43096845738423295,man,Very_High,1,True,False,False,True,False,False,False,False,False,True,False,False,True,False,False,False,False,True,False,False,False,True,False,False,False
1,1,male,1.4563829326162374,2,0,1.8889359708349862,S,First,man,True,,Southampton,yes,False,0.6933643386729765,0,Middle_Age,0.6099753455030164,man,Very_High,1,False,False,True,True,False,False,False,False,False,True,False,False,True,False,False,False,False,True,False,False,False,False,False,False,False
0,3,male,0.741676272306432,0,0,-0.5295270486294538,C,Third,man,True,,Cherbourg,no,True,-0.6223367722723301,1,Middle_Age,-0.3737937979129717,man,Low,1,True,False,False,False,False,True,False,False,False,True,False,False,True,False,True,False,False,False,False,False,False,False,False,False,False
0,1,male,1.2419709345232959,0,0,-0.17825928359155957,S,First,man,True,E,Southampton,no,True,-0.6223367722723301,1,Middle_Age,0.11018372106830296,man,High,1,False,False,True,True,False,False,False,False,False,True,False,False,True,False,False,False,True,False,False,False,False,False,True,False,False
0,3,male,0.45579360818250975,0,0,-0.524346745796383,S,Third,man,True,,Southampton,no,True,-0.6223367722723301,1,Middle_Age,-0.3666563649849865,man,Low,1,False,False,True,False,False,True,False,False,False,True,False,False,True,False,True,False,False,False,False,False,False,False,False,False,False
1,3,male,-0.6877370483131792,1,0,-0.5161363101392413,S,Third,man,True,,Southampton,yes,False,0.035513783200323175,0,Adult,-0.4597829963160437,man,Low,1,False,False,True,False,False,True,False,False,True,False,False,False,True,False,True,False,False,False,False,False,False,False,False,False,False
0,2,male,0.1699109440585875,2,0,0.7382889419974455,S,Second,man,True,,Southampton,no,False,0.6933643386729765,0,Adult,0.08152065493394568,man,Very_High,1,False,False,True,False,True,False,False,False,True,False,False,False,True,False,False,False,False,True,False,False,False,False,False,False,False
0,3,male,-0.3303837181582764,0,0,-0.5190057541014297,S,Third,man,True,,Southampton,no,True,-0.6223367722723301,1,Adult,-0.35929753458065306,man,Low,1,False,False,True,False,False,True,False,False,True,False,False,False,True,False,True,False,False,False,False,False,False,False,False,False,False
0,3,male,0.9560882703993736,0,0,-0.5137451068374177,S,Third,man,True,,Southampton,no,True,-0.6223367722723301,1,Middle_Age,-0.3520494029144937,man,Low,1,False,False,True,False,False,True,False,False,False,True,False,False,True,False,True,False,False,False,False,False,False,False,False,False,False
1,1,female,0.3843229421515292,1,0,0.32700197408377774,S,First,woman,False,C,Southampton,yes,False,0.035513783200323175,0,Adult,0.12105591856754198,woman,Very_High,0,False,False,True,True,False,False,False,False,True,False,False,False,False,True,False,False,False,True,False,False,True,False,False,False,False
1,2,female,0.741676272306432,1,1,0.07831683069411811,S,Second,woman,False,,Southampton,yes,False,0.6933643386729765,0,Middle_Age,-0.22158303292362594,woman,Very_High,0,False,False,True,False,True,False,False,False,False,True,False,False,False,True,False,False,False,True,False,False,False,False,False,False,False
0,1,male,0.09844027802760695,1,0,0.32700197408377774,S,First,man,True,B,Southampton,no,False,0.035513783200323175,0,Adult,0.12105591856754198,man,Very_High,1,False,False,True,True,False,False,False,False,True,False,False,False,True,False,False,False,False,True,False,True,False,False,False,False,False
0,2,male,2.8857962532358488,0,0,-0.4668775221216741,S,Second,man,True,,Southampton,no,True,-0.6223367722723301,1,Senior,-0.2874751389796198,man,Medium,1,False,False,True,False,True,False,False,False,False,False,True,False,True,False,False,True,False,False,False,False,False,False,False,False,False
1,2,male,0.09844027802760695,0,0,-0.4190534560852011,S,Second,man,True,,Southampton,yes,True,-0.6223367722723301,1,Adult,-0.22158303292362594,man,Medium,1,False,False,True,False,True,False,False,False,True,False,False,False,True,False,False,True,False,False,False,False,False,False,False,False,False
0,3,male,-0.8306783803751403,0,0,-0.5190057541014297,S,Third,man,True,,Southampton,no,True,-0.6223367722723301,1,Teen,-0.35929753458065306,man,Low,1,False,False,True,False,False,True,False,True,False,False,False,False,True,False,True,False,False,False,False,False,False,False,False,False,False
0,3,male,-0.36611905117376664,0,0,-0.5137451068374177,S,Third,man,True,,Southampton,no,True,-0.6223367722723301,1,Adult,-0.3520494029144937,man,Low,1,False,False,True,False,False,True,False,False,True,False,False,False,True,False,True,False,False,False,False,False,False,False,False,False,False
1,3,female,-0.8306783803751403,0,0,-0.4794705551903982,S,Third,woman,False,,Southampton,yes,True,-0.6223367722723301,1,Teen,-0.30482584834628407,woman,Medium,0,False,False,True,False,False,True,False,True,False,False,False,False,False,True,False,True,False,False,False,False,False,False,False,False,False
0,3,female,0.9560882703993736,1,6,0.22944087936937277,S,Third,woman,False,,Southampton,no,False,3.9826171160362427,0,Middle_Age,-0.40970499571348834,woman,Very_High,0,False,False,True,False,False,True,False,False,False,True,False,False,False,True,False,False,False,True,False,False,False,False,False,False,False
1,1,male,0.45579360818250975,0,1,9.132927597810493,C,First,man,True,B,Cherbourg,yes,False,0.035513783200323175,0,Middle_Age,6.187468011981701,man,Very_High,1,True,False,False,True,False,False,False,False,False,True,False,False,True,False,False,False,False,True,False,True,False,False,False,False,False
0,3,female,-0.5805310492667083,0,0,-0.5120712645261412,Q,Third,woman,False,,Queenstown,no,True,-0.6223367722723301,1,Adult,-0.34974317920253395,woman,Medium,0,False,True,False,False,False,True,False,False,True,False,False,False,False,True,False,True,False,False,False,False,False,False,False,False,False
1,1,male,-0.18744238609631528,0,0,0.8000623316154372,C,First,man,True,D,Cherbourg,yes,True,-0.6223367722723301,1,Adult,1.458117449181831,man,Very_High,1,True,False,False,True,False,False,False,False,True,False,False,False,True,False,False,False,False,True,False,False,False,True,False,False,False
0,3,male,-0.6877370483131792,0,0,-0.4912677958002753,S,Third,man,True,,Southampton,no,True,-0.6223367722723301,1,Adult,-0.32108011306817663,man,Medium,1,False,False,True,False,False,True,False,False,True,False,False,False,True,False,False,True,False,False,False,False,False,False,False,False,False
0,3,male,-1.1165610444990626,5,2,0.22944087936937277,S,Third,child,False,,Southampton,no,False,3.9826171160362427,0,Teen,-0.40970499571348834,child,Very_High,1,False,False,True,False,False,True,False,True,False,False,False,True,False,False,False,False,False,True,False,False,False,False,False,False,False
0,2,male,2.171089592926043,1,1,0.07831683069411811,S,Second,man,True,,Southampton,no,False,0.6933643386729765,0,Middle_Age,-0.22158303292362594,man,Very_High,1,False,False,True,False,True,False,False,False,False,True,False,False,True,False,False,False,False,True,False,False,False,False,False,False,False
0,2,male,-0.3303837181582764,1,2,0.1276559631426266,C,Second,man,True,,Cherbourg,no,False,1.3512148941456297,0,Adult,-0.290247878802456,man,Very_High,1,True,False,False,False,True,False,False,False,True,False,False,False,True,False,False,False,False,True,False,False,False,False,False,False,False
0,3,male,-1.1165610444990626,4,1,0.09146844885414819,S,Third,child,False,,Southampton,no,False,2.666916005090936,0,Teen,-0.3898824538083102,child,Very_High,1,False,False,True,False,False,True,False,True,False,False,False,True,False,False,False,False,False,True,False,False,False,False,False,False,False
0,3,male,-0.7592077143441597,0,0,-0.4731749951373569,S,Third,man,True,,Southampton,no,True,-0.6223367722723301,1,Adult,-0.296151811505073,man,Medium,1,False,False,True,False,False,True,False,False,True,False,False,False,True,False,False,True,False,False,False,False,False,False,False,False,False
0,3,male,-0.8306783803751403,0,0,-0.5186078578720063,S,Third,man,True,,Southampton,no,True,-0.6223367722723301,1,Teen,-0.3587493122582672,man,Low,1,False,False,True,False,False,True,False,True,False,False,False,False,True,False,True,False,False,False,False,False,False,False,False,False,False
1,1,female,-1.0450903784680818,0,1,3.3750688229183843,S,First,child,False,B,Southampton,yes,False,0.035513783200323175,0,Teen,2.2208726083069252,child,Very_High,0,False,False,True,True,False,False,False,True,False,False,False,True,False,False,False,False,False,True,False,True,False,False,False,False,False
1,1,male,0.09844027802760695,1,0,0.4226501061567237,S,First,man,True,B,Southampton,yes,False,0.035513783200323175,0,Adult,0.18694802462353582,man,Very_High,1,False,False,True,True,False,False,False,False,True,False,False,False,True,False,False,False,False,True,False,True,False,False,False,False,False
1,3,female,-1.8312677048088681,0,1,-0.41108214075824184,C,Third,child,False,,Cherbourg,yes,False,0.035513783200323175,0,Child,-0.3874110605505034,child,Medium,0,True,False,False,False,False,True,True,False,False,False,False,True,False,False,False,True,False,False,False,False,False,False,False,False,False
0,1,male,2.171089592926043,0,0,-0.15984701816751742,S,First,man,True,,Southampton,no,True,-0.6223367722723301,1,Middle_Age,0.13555218189986065,man,High,1,False,False,True,True,False,False,False,False,False,True,False,False,True,False,False,False,True,False,False,False,False,False,False,False,False
0,2,male,1.5993242646781987,0,0,-0.40948864287790654,S,Second,man,True,,Southampton,no,True,-0.6223367722723301,1,Middle_Age,-0.2084046117124272,man,Medium,1,False,False,True,False,True,False,False,False,False,True,False,False,True,False,False,True,False,False,False,False,False,False,False,False,False
1,3,female,-0.5805310492667083,0,0,-0.5198034595229181,Q,Third,woman,False,,Queenstown,yes,True,-0.6223367722723301,1,Adult,-0.360396614909667,woman,Low,0,False,True,False,False,False,True,False,False,True,False,False,False,False,True,True,False,False,False,False,False,False,False,False,False,False
0,1,male,1.384912266585257,1,1,1.4534175051419582,C,First,man,True,C,Cherbourg,no,False,0.6933643386729765,0,Middle_Age,0.40995590404368365,man,Very_High,1,True,False,False,True,False,False,False,False,False,True,False,False,True,False,False,False,False,True,False,False,True,False,False,False,False
0,3,male,0.8846176043683931,0,0,-0.5213969574032534,S,Third,man,True,F,Southampton,no,True,-0.6223367722723301,1,Middle_Age,-0.36259213988345274,man,Low,1,False,False,True,False,False,True,False,False,False,True,False,False,True,False,True,False,False,False,False,False,False,False,False,True,False
1,1,female,-0.8306783803751403,1,0,3.684729650504547,C,First,woman,False,C,Cherbourg,yes,False,0.035513783200323175,0,Teen,2.4341983016632054,woman,Very_High,0,True,False,False,True,False,False,False,True,False,False,False,False,False,True,False,False,False,True,False,False,True,False,False,False,False
1,1,male,0.3843229421515292,0,0,-0.16486854510134707,S,First,man,True,E,Southampton,yes,True,-0.6223367722723301,1,Adult,0.1286335107639813,man,High,1,False,False,True,True,False,False,False,False,True,False,False,False,True,False,False,False,True,False,False,False,False,False,True,False,False
0,3,female,-0.8306783803751403,0,1,-0.3912351533531055,C,Third,woman,False,,Cherbourg,no,False,0.035513783200323175,0,Teen,-0.37373844854388466,woman,Medium,0,True,False,False,False,False,True,False,True,False,False,False,False,False,True,False,True,False,False,False,False,False,False,False,False,False
0,3,male,-0.3303837181582764,0,0,-0.5196427706610355,Q,Third,man,True,,Queenstown,no,True,-0.6223367722723301,1,Adult,-0.3601752174333189,man,Low,1,False,True,False,False,False,True,False,False,True,False,False,False,True,False,True,False,False,False,False,False,False,False,False,False,False
0,3,male,-0.2589130521272958,1,0,-0.5174906876893942,S,Third,man,True,,Southampton,no,False,0.035513783200323175,0,Adult,-0.46071602853779653,man,Low,1,False,False,True,False,False,True,False,False,True,False,False,False,True,False,True,False,False,False,False,False,False,False,False,False,False
0,2,male,0.6702056062754514,0,0,-0.1703683126955415,S,Second,man,True,,Southampton,no,True,-0.6223367722723301,1,Middle_Age,0.12105591856754198,man,High,1,False,False,True,False,True,False,False,False,False,True,False,False,True,False,False,False,True,False,False,False,False,False,False,False,False
1,2,female,1.0990296024613346,0,0,-0.40948864287790654,S,Second,woman,False,,Southampton,yes,True,-0.6223367722723301,1,Middle_Age,-0.2084046117124272,woman,Medium,0,False,False,True,False,True,False,False,False,False,True,False,False,False,True,False,True,False,False,False,False,False,False,False,False,False
1,1,male,0.8846176043683931,0,0,-0.16486854510134707,S,First,man,True,E,Southampton,yes,True,-0.6223367722723301,1,Middle_Age,0.1286335107639813,man,High,1,False,False,True,True,False,False,False,False,False,True,False,False,True,False,False,False,True,False,False,False,False,False,True,False,False
1,1,female,-0.544795716251218,0,0,2.2313562836561327,S,First,woman,False,,Southampton,yes,True,-0.6223367722723301,1,Adult,3.4301574846995524,woman,Very_High,0,False,False,True,True,False,False,False,False,True,False,False,False,False,True,False,False,False,True,False,False,False,False,False,False,False
1,1,female,-0.40185438418925695,0,0,0.2792582524782459,C,First,woman,False,C,Cherbourg,yes,True,-0.6223367722723301,1,Adult,0.740552414232058,woman,Very_High,0,True,False,False,True,False,False,False,False,True,False,False,False,False,True,False,False,False,True,False,False,True,False,False,False,False
0,1,male,0.741676272306432,0,0,-0.15984701816751742,S,First,man,True,C,Southampton,no,True,-0.6223367722723301,1,Middle_Age,0.13555218189986065,man,High,1,False,False,True,True,False,False,False,False,False,True,False,False,True,False,False,False,True,False,False,False,True,False,False,False,False
1,1,male,1.3134416005542764,1,0,0.32700197408377774,S,First,man,True,C,Southampton,yes,False,0.035513783200323175,0,Middle_Age,0.12105591856754198,man,Very_High,1,False,False,True,True,False,False,False,False,False,True,False,False,True,False,False,False,False,True,False,False,True,False,False,False,False
0,3,male,-0.04450105403435416,0,0,-0.48632661329738697,S,Third,man,True,,Southampton,no,True,-0.6223367722723301,1,Adult,-0.3142721406704714,man,Medium,1,False,False,True,False,False,True,False,False,True,False,False,False,True,False,False,True,False,False,False,False,False,False,False,False,False
0,2,male,1.5993242646781987,0,0,-0.4190534560852011,S,Second,man,True,,Southampton,no,True,-0.6223367722723301,1,Middle_Age,-0.22158303292362594,man,Medium,1,False,False,True,False,True,False,False,False,False,True,False,False,True,False,False,True,False,False,False,False,False,False,False,False,False
0,3,male,-0.7592077143441597,0,0,-0.5213969574032534,S,Third,man,True,F,Southampton,no,True,-0.6223367722723301,1,Adult,-0.36259213988345274,man,Low,1,False,False,True,False,False,True,False,False,True,False,False,False,True,False,True,False,False,False,False,False,False,False,False,True,False
1,1,female,0.5987349402444708,0,0,3.684729650504547,C,First,woman,False,C,Cherbourg,yes,True,-0.6223367722723301,1,Middle_Age,5.432618587741205,woman,Very_High,0,True,False,False,True,False,False,False,False,False,True,False,False,False,True,False,False,False,True,False,False,True,False,False,False,False
1,2,female,-0.18744238609631528,0,0,-0.4668775221216741,S,Second,woman,False,E,Southampton,yes,True,-0.6223367722723301,1,Adult,-0.2874751389796198,woman,Medium,0,False,False,True,False,True,False,False,False,True,False,False,False,False,True,False,True,False,False,False,False,False,False,True,False,False
0,3,male,-0.3303837181582764,0,0,-0.3712293900487281,Q,Third,man,True,,Queenstown,no,True,-0.6223367722723301,1,Adult,-0.1556909268676321,man,Medium,1,False,True,False,False,False,True,False,False,True,False,False,False,True,False,False,True,False,False,False,False,False,False,False,False,False
0,3,male,0.24138161008956807,0,0,-0.5190057541014297,S,Third,man,True,,Southampton,no,True,-0.6223367722723301,1,Adult,-0.35929753458065306,man,Low,1,False,False,True,False,False,True,False,False,True,False,False,False,True,False,True,False,False,False,False,False,False,False,False,False,False
1,2,female,-1.688326372746907,0,1,-0.03646092779341709,S,Second,child,False,,Southampton,yes,False,0.035513783200323175,0,Child,-0.1293340844452346,child,High,0,False,False,True,False,True,False,True,False,False,False,False,True,False,False,False,False,True,False,False,False,False,False,False,False,False
0,3,male,-0.9021490464061208,1,0,-0.5327943888210656,S,Third,man,True,,Southampton,no,False,0.035513783200323175,0,Teen,-0.4712587655067555,man,Low,1,False,False,True,False,False,True,False,True,False,False,False,False,True,False,True,False,False,False,False,False,False,False,False,False,False
0,2,male,0.3128522761205486,0,0,-0.4190534560852011,S,Second,man,True,,Southampton,no,True,-0.6223367722723301,1,Adult,-0.22158303292362594,man,Medium,1,False,False,True,False,True,False,False,False,True,False,False,False,True,False,False,True,False,False,False,False,False,False,False,False,False
0,2,male,1.4563829326162374,0,0,-0.4190534560852011,S,Second,man,True,,Southampton,no,True,-0.6223367722723301,1,Middle_Age,-0.22158303292362594,man,Medium,1,False,False,True,False,True,False,False,False,False,True,False,False,True,False,False,True,False,False,False,False,False,False,False,False,False
1,1,male,-0.18744238609631528,1,0,0.3480445631398259,S,First,man,True,E,Southampton,yes,False,0.035513783200323175,0,Adult,0.13555218189986065,man,Very_High,1,False,False,True,True,False,False,False,False,True,False,False,False,True,False,False,False,False,True,False,False,False,False,True,False,False
0,3,male,-0.6877370483131792,0,0,-0.5020282106584818,S,Third,man,True,,Southampton,no,True,-0.6223367722723301,1,Adult,-0.33590583693077525,man,Medium,1,False,False,True,False,False,True,False,False,True,False,False,False,True,False,False,True,False,False,False,False,False,False,False,False,False
1,2,female,0.026969611996626397,3,0,-0.2660164447684875,S,Second,woman,False,,Southampton,yes,False,1.3512148941456297,0,Adult,-0.4258485616972068,woman,High,0,False,False,True,False,True,False,False,False,True,False,False,False,False,True,False,False,True,False,False,False,False,False,False,False,False
1,3,female,-0.5805310492667083,0,0,-0.5197231150919768,Q,Third,woman,False,,Queenstown,yes,True,-0.6223367722723301,1,Adult,-0.3602859161714929,woman,Low,0,False,True,False,False,False,True,False,False,True,False,False,False,False,True,True,False,False,False,False,False,False,False,False,False,False
0,2,male,-0.3303837181582764,1,0,-0.1703683126955415,S,Second,man,True,,Southampton,no,False,0.035513783200323175,0,Adult,-0.22158303292362594,man,High,1,False,False,True,False,True,False,False,False,True,False,False,False,True,False,False,False,True,False,False,False,False,False,False,False,False
0,3,female,-0.3303837181582764,1,0,-0.5161363101392413,S,Third,woman,False,,Southampton,no,False,0.035513783200323175,0,Adult,-0.4597829963160437,woman,Low,0,False,False,True,False,False,True,False,False,True,False,False,False,False,True,True,False,False,False,False,False,False,False,False,False,False
1,1,female,-0.04450105403435416,0,0,3.3750688229183843,S,First,woman,False,B,Southampton,yes,True,-0.6223367722723301,1,Adult,5.0059672010286445,woman,Very_High,0,False,False,True,True,False,False,False,False,True,False,False,False,False,True,False,False,False,True,False,True,False,False,False,False,False
0,3,male,-1.330973042592004,0,0,-0.3083407432107661,C,Third,child,False,,Cherbourg,no,True,-0.6223367722723301,1,Child,-0.06904280740400018,child,High,1,True,False,False,False,False,True,True,False,False,False,False,True,False,False,False,False,True,False,False,False,False,False,False,False,False
0,3,male,-0.08023638704984444,0,0,-0.3597516141999746,S,Third,man,True,,Southampton,no,True,-0.6223367722723301,1,Adult,-0.13987682141419355,man,High,1,False,False,True,False,False,True,False,False,True,False,False,False,True,False,False,False,True,False,False,False,False,False,False,False,False
0,3,female,1.3134416005542764,1,3,-0.010157691473356942,S,Third,woman,False,,Southampton,no,False,2.009065449618283,0,Middle_Age,-0.38301869276081085,woman,High,0,False,False,True,False,False,True,False,False,False,True,False,False,False,True,False,False,True,False,False,False,False,False,False,False,False
1,1,male,0.3843229421515292,0,0,9.132927597810493,C,First,man,True,B,Cherbourg,yes,True,-0.6223367722723301,1,Adult,12.939158008378197,man,Very_High,1,True,False,False,True,False,False,False,False,True,False,False,False,True,False,False,False,False,True,False,True,False,False,False,False,False
1,1,male,0.741676272306432,0,0,-0.0938498070371847,S,First,man,True,D,Southampton,yes,True,-0.6223367722723301,1,Middle_Age,0.22648328825713213,man,High,1,False,False,True,True,False,False,False,False,False,True,False,False,True,False,False,False,True,False,False,False,False,True,False,False,False
0,1,male,0.45579360818250975,1,0,0.8406324433154977,S,First,man,True,C,Southampton,no,False,0.035513783200323175,0,Middle_Age,0.4748965280882288,man,Very_High,1,False,False,True,True,False,False,False,False,False,True,False,False,True,False,False,False,False,True,False,False,True,False,False,False,False
1,1,female,-0.6162663822821985,2,2,4.351397131052981,C,First,woman,False,B,Cherbourg,yes,False,2.009065449618283,0,Adult,0.8188533217005167,woman,Very_High,0,True,False,False,True,False,False,False,False,True,False,False,False,False,True,False,False,False,True,False,True,False,False,False,False,False
0,3,male,-0.40185438418925695,1,0,-0.3597516141999746,S,Third,man,True,,Southampton,no,False,0.035513783200323175,0,Adult,-0.3520494029144937,man,High,1,False,False,True,False,False,True,False,False,True,False,False,False,True,False,False,False,True,False,False,False,False,False,False,False,False
1,3,male,0.09844027802760695,0,0,-0.5161363101392413,S,Third,man,True,,Southampton,yes,True,-0.6223367722723301,1,Adult,-0.3553440082172934,man,Low,1,False,False,True,False,False,True,False,False,True,False,False,False,True,False,True,False,False,False,False,False,False,False,False,False,False
0,1,male,2.8857962532358488,1,1,0.6904648759609725,S,First,man,True,B,Southampton,no,False,0.6933643386729765,0,Senior,0.05955661958194777,man,Very_High,1,False,False,True,True,False,False,False,False,False,False,True,False,True,False,False,False,False,True,False,True,False,False,False,False,False
0,3,male,-0.9736197124371013,1,1,-0.2803636645794294,S,Third,man,True,,Southampton,no,False,0.6933643386729765,0,Teen,-0.38631329806361053,man,High,1,False,False,True,False,False,True,False,True,False,False,False,False,True,False,False,False,True,False,False,False,False,False,False,False,False
1,2,female,0.026969611996626397,0,0,-0.4190534560852011,S,Second,woman,False,,Southampton,yes,True,-0.6223367722723301,1,Adult,-0.22158303292362594,woman,Medium,0,False,False,True,False,True,False,False,False,True,False,False,False,False,True,False,True,False,False,False,False,False,False,False,False,False
0,1,male,-0.7592077143441597,1,0,0.3480445631398259,S,First,man,True,D,Southampton,no,False,0.035513783200323175,0,Adult,0.13555218189986065,man,Very_High,1,False,False,True,True,False,False,False,False,True,False,False,False,True,False,False,False,False,True,False,False,False,True,False,False,False
0,3,male,0.09844027802760695,0,0,-0.5194839947617944,Q,Third,man,True,,Queenstown,no,True,-0.6223367722723301,1,Adult,-0.359956455641213,man,Low,1,False,True,False,False,False,True,False,False,True,False,False,False,True,False,True,False,False,False,False,False,False,False,False,False,False
1,2,female,-1.8312677048088681,1,1,-0.2277571919393091,S,Second,child,False,,Southampton,yes,False,0.6933643386729765,0,Child,-0.36215285917641277,child,High,0,False,False,True,False,True,False,True,False,False,False,False,True,False,False,False,False,True,False,False,False,False,False,False,False,False
1,3,male,-1.688326372746907,0,1,-0.4290965099528604,S,Third,child,False,E,Southampton,yes,False,0.035513783200323175,0,Child,-0.39982117980508924,child,Medium,1,False,False,True,False,False,True,True,False,False,False,False,True,False,False,False,True,False,False,False,False,False,False,True,False,False
0,3,male,0.24138161008956807,0,0,-0.4860071485362633,S,Third,man,True,,Southampton,no,True,-0.6223367722723301,1,Adult,-0.3138319814020173,man,Medium,1,False,False,True,False,False,True,False,False,True,False,False,False,True,False,False,True,False,False,False,False,False,False,False,False,False
0,3,male,-0.47332505022023746,0,0,-0.5166948952305473,S,Third,man,True,,Southampton,no,True,-0.6223367722723301,1,Adult,-0.3561136280160274,man,Low,1,False,False,True,False,False,True,False,False,True,False,False,False,True,False,True,False,False,False,False,False,False,False,False,False,False
1,2,female,1.3134416005542764,1,2,0.5756871174734374,S,Second,woman,False,,Southampton,yes,False,1.3512148941456297,0,Middle_Age,-0.13592329505083398,woman,Very_High,0,False,False,True,False,True,False,False,False,False,True,False,False,False,True,False,False,False,True,False,False,False,False,False,False,False
1,2,male,-2.0692650226920333,1,1,-0.39035901646331733,S,Second,child,False,,Southampton,yes,False,0.6933643386729765,0,Child,-0.43683057937320585,child,Medium,1,False,False,True,False,True,False,True,False,False,False,False,True,False,False,False,True,False,False,False,False,False,False,False,False,False
0,3,male,-0.11597172006533471,0,0,-0.5186078578720063,S,Third,man,True,,Southampton,no,True,-0.6223367722723301,1,Adult,-0.3587493122582672,man,Low,1,False,False,True,False,False,True,False,False,True,False,False,False,True,False,True,False,False,False,False,False,False,False,False,False,False
1,1,female,0.24138161008956807,0,0,0.9869740853871052,S,First,woman,False,B,Southampton,yes,True,-0.6223367722723301,1,Adult,1.7156448851225927,woman,Very_High,0,False,False,True,True,False,False,False,False,True,False,False,False,False,True,False,False,False,True,False,True,False,False,False,False,False
0,3,male,0.8131469383374125,0,0,-0.5314400112709127,S,Third,man,True,,Southampton,no,True,-0.6223367722723301,1,Middle_Age,-0.37642948215521144,man,Low,1,False,False,True,False,False,True,False,False,False,True,False,False,True,False,True,False,False,False,False,False,False,False,False,False,False
1,3,male,-0.6877370483131792,0,0,-0.5294467041985125,C,Third,man,True,,Cherbourg,yes,True,-0.6223367722723301,1,Adult,-0.37368309917479764,man,Low,1,True,False,False,False,False,True,False,False,True,False,False,False,True,False,True,False,False,False,False,False,False,False,False,False,False
1,1,female,0.45579360818250975,1,2,1.6278165702758434,S,First,woman,False,B,Southampton,yes,False,1.3512148941456297,0,Middle_Age,0.22648328825713213,woman,Very_High,0,False,False,True,True,False,False,False,False,False,True,False,False,False,True,False,False,False,True,False,True,False,False,False,False,False
0,3,male,-0.9736197124371013,0,0,-0.5190057541014297,S,Third,man,True,,Southampton,no,True,-0.6223367722723301,1,Teen,-0.35929753458065306,man,Low,1,False,False,True,False,False,True,False,True,False,False,False,False,True,False,True,False,False,False,False,False,False,False,False,False,False
1,1,female,1.5278535986472181,1,0,0.8235745554416085,S,First,woman,False,D,Southampton,yes,False,0.035513783200323175,0,Middle_Age,0.4631453298942028,woman,Very_High,0,False,False,True,True,False,False,False,False,False,True,False,False,False,True,False,False,False,True,False,False,False,True,False,False,False
0,1,male,0.741676272306432,0,0,0.08979460654287166,C,First,man,True,,Cherbourg,no,True,-0.6223367722723301,1,Middle_Age,0.4795089755121485,man,Very_High,1,True,False,False,True,False,False,False,False,False,True,False,False,True,False,False,False,False,True,False,False,False,False,False,False,False
0,3,female,0.06270494501211668,0,0,-0.5194839947617944,Q,Third,woman,False,,Queenstown,no,True,-0.6223367722723301,1,Adult,-0.359956455641213,woman,Low,0,False,True,False,False,False,True,False,False,True,False,False,False,False,True,True,False,False,False,False,False,False,False,False,False,False
0,3,male,-0.3303837181582764,1,0,-0.20575812156253154,Q,Third,man,True,,Queenstown,no,False,0.035513783200323175,0,Adult,-0.2459631121643437,man,High,1,False,True,False,False,False,True,False,False,True,False,False,False,True,False,False,False,True,False,False,False,False,False,False,False,False
0,3,male,0.1699109440585875,0,0,-0.5077670985828585,S,Third,man,True,,Southampton,no,True,-0.6223367722723301,1,Adult,-0.34381288965749446,man,Medium,1,False,False,True,False,False,True,False,False,True,False,False,False,True,False,False,True,False,False,False,False,False,False,False,False,False
0,3,male,-0.40185438418925695,0,0,-0.4860071485362633,S,Third,man,True,,Southampton,no,True,-0.6223367722723301,1,Adult,-0.3138319814020173,man,Medium,1,False,False,True,False,False,True,False,False,True,False,False,False,True,False,False,True,False,False,False,False,False,False,False,False,False
0,3,male,1.3134416005542764,0,0,-0.5174906876893942,S,Third,man,True,,Southampton,no,True,-0.6223367722723301,1,Middle_Age,-0.3572100726607992,man,Low,1,False,False,True,False,False,True,False,False,False,True,False,False,True,False,True,False,False,False,False,False,False,False,False,False,False
0,2,female,1.9566775948331014,0,0,-0.4668775221216741,S,Second,woman,False,E,Southampton,no,True,-0.6223367722723301,1,Middle_Age,-0.2874751389796198,woman,Medium,0,False,False,True,False,True,False,False,False,False,True,False,False,False,True,False,True,False,False,False,False,False,False,True,False,False
1,2,female,1.7422655967401597,1,3,-0.2277571919393091,S,Second,woman,False,,Southampton,yes,False,2.009065449618283,0,Middle_Age,-0.4429805092717653,woman,High,0,False,False,True,False,True,False,False,False,False,True,False,False,False,True,False,False,True,False,False,False,False,False,False,False,False
0,3,male,-0.8306783803751403,0,0,-0.5194839947617944,S,Third,man,True,,Southampton,no,True,-0.6223367722723301,1,Teen,-0.359956455641213,man,Low,1,False,False,True,False,False,True,False,True,False,False,False,False,True,False,True,False,False,False,False,False,False,False,False,False,False
0,3,male,-0.3303837181582764,0,0,-0.5194839947617944,Q,Third,man,True,F,Queenstown,no,True,-0.6223367722723301,1,Adult,-0.359956455641213,man,Low,1,False,True,False,False,False,True,False,False,True,False,False,False,True,False,True,False,False,False,False,False,False,False,False,True,False
1,3,female,-1.7597970387778874,0,0,-0.4290965099528604,S,Third,child,False,,Southampton,yes,True,-0.6223367722723301,1,Child,-0.23542037519538467,child,Medium,0,False,False,True,False,False,True,True,False,False,False,False,True,False,False,False,True,False,False,False,False,False,False,False,False,False
0,3,male,-0.3303837181582764,0,0,-0.5197231150919768,Q,Third,man,True,,Queenstown,no,True,-0.6223367722723301,1,Adult,-0.3602859161714929,man,Low,1,False,True,False,False,False,True,False,False,True,False,False,False,True,False,True,False,False,False,False,False,False,False,False,False,False
1,1,female,0.9560882703993736,0,1,3.3750688229183843,S,First,woman,False,B,Southampton,yes,False,0.035513783200323175,0,Middle_Age,2.2208726083069252,woman,Very_High,0,False,False,True,True,False,False,False,False,False,True,False,False,False,True,False,False,False,True,False,True,False,False,False,False,False
1,3,female,-1.188031710530043,0,0,-0.5294467041985125,C,Third,child,False,,Cherbourg,yes,True,-0.6223367722723301,1,Teen,-0.37368309917479764,child,Low,0,True,False,False,False,False,True,False,True,False,False,False,True,False,False,True,False,False,False,False,False,False,False,False,False,False
1,1,female,-0.9021490464061208,1,0,0.4226501061567237,S,First,woman,False,B,Southampton,yes,False,0.035513783200323175,0,Teen,0.18694802462353582,woman,Very_High,0,False,False,True,True,False,False,False,True,False,False,False,False,False,True,False,False,False,True,False,True,False,False,False,False,False
0,1,male,-0.04450105403435416,0,0,-0.0938498070371847,S,First,man,True,D,Southampton,no,True,-0.6223367722723301,1,Adult,0.22648328825713213,man,High,1,False,False,True,True,False,False,False,False,True,False,False,False,True,False,False,False,True,False,False,False,False,True,False,False,False
0,3,male,-0.3303837181582764,1,2,-0.21914886005274398,S,Third,man,True,,Southampton,no,False,1.3512148941456297,0,Adult,-0.40970499571348834,man,High,1,False,False,True,False,False,True,False,False,True,False,False,False,True,False,False,False,True,False,False,False,False,False,False,False,False
1,3,female,-0.8306783803751403,0,0,-0.524346745796383,S,Third,woman,False,,Southampton,yes,True,-0.6223367722723301,1,Teen,-0.3666563649849865,woman,Low,0,False,False,True,False,False,True,False,True,False,False,False,False,False,True,True,False,False,False,False,False,False,False,False,False,False
0,3,male,-1.5453850406849459,4,1,-0.11058823014995024,Q,Third,child,False,,Queenstown,no,False,2.666916005090936,0,Child,-0.4362814784894058,child,High,1,False,True,False,False,False,True,True,False,False,False,False,True,False,False,False,False,True,False,False,False,False,False,False,False,False
1,3,male,-2.04567970290181,1,2,-0.2741465359946879,S,Third,child,False,,Southampton,yes,False,1.3512148941456297,0,Child,-0.42864897620458653,child,High,1,False,False,True,False,False,True,True,False,False,False,False,True,False,False,False,False,True,False,False,False,False,False,False,False,False
0,1,male,1.1705002684923154,0,0,0.8473278125606041,C,First,man,True,B,Cherbourg,no,True,-0.6223367722723301,1,Middle_Age,1.5232399354390906,man,Very_High,1,True,False,False,True,False,False,False,False,False,True,False,False,True,False,False,False,False,True,False,True,False,False,False,False,False
0,2,male,-0.9736197124371013,0,0,-0.1703683126955415,S,Second,man,True,,Southampton,no,True,-0.6223367722723301,1,Teen,0.12105591856754198,man,High,1,False,False,True,False,True,False,False,True,False,False,False,False,True,False,False,False,True,False,False,False,False,False,False,False,False
0,1,male,0.741676272306432,0,0,-0.08053941297791356,C,First,man,True,,Cherbourg,no,True,-0.6223367722723301,1,Middle_Age,0.2448223792146363,man,High,1,True,False,False,True,False,False,False,False,False,True,False,False,True,False,False,False,True,False,False,False,False,False,False,False,False
0,2,male,0.6702056062754514,0,0,-0.4190534560852011,S,Second,man,True,,Southampton,no,True,-0.6223367722723301,1,Middle_Age,-0.22158303292362594,man,Medium,1,False,False,True,False,True,False,False,False,False,True,False,False,True,False,False,True,False,False,False,False,False,False,False,False,False
1,1,female,1.384912266585257,0,0,-0.1717226902456944,S,First,woman,False,D,Southampton,yes,True,-0.6223367722723301,1,Middle_Age,0.11918985412403628,woman,High,0,False,False,True,True,False,False,False,False,False,True,False,False,False,True,False,False,True,False,False,False,False,True,False,False,False
1,3,female,0.09844027802760695,0,0,-0.5016303144290584,S,Third,woman,False,,Southampton,yes,True,-0.6223367722723301,1,Adult,-0.3353576146083894,woman,Medium,0,False,False,True,False,False,True,False,False,True,False,False,False,False,True,False,True,False,False,False,False,False,False,False,False,False
0,3,male,0.026969611996626397,0,0,-0.5294467041985125,C,Third,man,True,,Cherbourg,no,True,-0.6223367722723301,1,Adult,-0.37368309917479764,man,Low,1,True,False,False,False,False,True,False,False,True,False,False,False,True,False,True,False,False,False,False,False,False,False,False,False,False
0,3,female,0.026969611996626397,1,1,-0.20575812156253154,S,Third,woman,False,,Southampton,no,False,0.6933643386729765,0,Adult,-0.35204940291449377,woman,High,0,False,False,True,False,False,True,False,False,True,False,False,False,False,True,False,False,True,False,False,False,False,False,False,False,False
1,2,female,0.09844027802760695,1,1,-0.1655859060918942,S,Second,woman,False,,Southampton,yes,False,0.6933643386729765,0,Adult,-0.3335996132188155,woman,High,0,False,False,True,False,True,False,False,False,True,False,False,False,False,True,False,False,True,False,False,False,False,False,False,False,False
1,1,male,-1.330973042592004,1,2,1.6278165702758434,S,First,child,False,B,Southampton,yes,False,1.3512148941456297,0,Child,0.22648328825713213,child,Very_High,1,False,False,True,True,False,False,True,False,False,False,False,True,False,False,False,False,False,True,False,True,False,False,False,False,False
1,3,male,-2.087132689199778,0,1,-0.5048173101897289,C,Third,child,False,,Cherbourg,yes,False,0.035513783200323175,0,Child,-0.4519853244853773,child,Medium,1,True,False,False,False,False,True,True,False,False,False,False,True,False,False,False,True,False,False,False,False,False,False,False,False,False
1,3,male,-0.18744238609631528,0,0,-0.534309455233101,S,Third,man,True,,Southampton,yes,True,-0.6223367722723301,1,Adult,-0.3803830085185711,man,Low,1,False,False,True,False,False,True,False,False,True,False,False,False,True,False,True,False,False,False,False,False,False,False,False,False,False
0,3,male,0.09844027802760695,0,0,-0.5190057541014297,S,Third,man,True,,Southampton,no,True,-0.6223367722723301,1,Adult,-0.35929753458065306,man,Low,1,False,False,True,False,False,True,False,False,True,False,False,False,True,False,True,False,False,False,False,False,False,False,False,False,False
0,1,male,0.6702056062754514,0,0,-0.6677385994748607,S,First,man,True,A,Southampton,no,True,-0.6223367722723301,1,Middle_Age,-0.5642219844147939,man,Low,1,False,False,True,True,False,False,False,False,False,True,False,False,True,False,True,False,False,False,True,False,False,False,False,False,False
0,3,female,-0.8306783803751403,0,0,-0.5190057541014297,S,Third,woman,False,,Southampton,no,True,-0.6223367722723301,1,Teen,-0.35929753458065306,woman,Low,0,False,False,True,False,False,True,False,True,False,False,False,False,False,True,True,False,False,False,False,False,False,False,False,False,False
1,1,female,0.24138161008956807,1,0,0.3480445631398259,S,First,woman,False,E,Southampton,yes,False,0.035513783200323175,0,Adult,0.13555218189986065,woman,Very_High,0,False,False,True,True,False,False,False,False,True,False,False,False,False,True,False,False,False,True,False,False,False,False,True,False,False
0,3,male,-0.2589130521272958,0,0,-0.5168536711297884,S,Third,man,True,,Southampton,no,True,-0.6223367722723301,1,Adult,-0.35633238980813337,man,Low,1,False,False,True,False,False,True,False,False,True,False,False,False,True,False,True,False,False,False,False,False,False,False,False,False,False
0,3,male,0.6702056062754514,0,0,-0.20575812156253154,S,Third,man,True,,Southampton,no,True,-0.6223367722723301,1,Middle_Age,0.07229576008610651,man,High,1,False,False,True,False,False,True,False,False,False,True,False,False,True,False,False,False,True,False,False,False,False,False,False,False,False
0,2,male,0.3843229421515292,0,0,-0.4668775221216741,S,Second,man,True,,Southampton,no,True,-0.6223367722723301,1,Adult,-0.2874751389796198,man,Medium,1,False,False,True,False,True,False,False,False,True,False,False,False,True,False,False,True,False,False,False,False,False,False,False,False,False
0,3,female,-1.688326372746907,4,2,-0.06945953335858349,S,Third,child,False,,Southampton,no,False,3.324766560563589,0,Child,-0.44646337773472494,child,High,0,False,False,True,False,False,True,True,False,False,False,False,True,False,False,False,False,True,False,False,False,False,False,False,False,False
0,3,male,0.06270494501211668,0,0,-0.5137451068374177,S,Third,man,True,,Southampton,no,True,-0.6223367722723301,1,Adult,-0.3520494029144937,man,Low,1,False,False,True,False,False,True,False,False,True,False,False,False,True,False,True,False,False,False,False,False,False,False,False,False,False
0,3,female,-0.47332505022023746,0,0,-0.5161363101392413,S,Third,woman,False,,Southampton,no,True,-0.6223367722723301,1,Adult,-0.3553440082172934,woman,Low,0,False,False,True,False,False,True,False,False,True,False,False,False,False,True,True,False,False,False,False,False,False,False,False,False,False
0,2,male,0.09844027802760695,1,1,0.04013792229588093,C,Second,man,True,,Cherbourg,no,False,0.6933643386729765,0,Adult,-0.23911736162583297,man,Very_High,1,True,False,False,False,True,False,False,False,True,False,False,False,True,False,False,False,False,True,False,False,False,False,False,False,False
0,3,male,0.9560882703993736,0,0,-0.5443525091007604,S,Third,man,True,,Southampton,no,True,-0.6223367722723301,1,Middle_Age,-0.3942203507903298,man,Low,1,False,False,True,False,False,True,False,False,False,True,False,False,True,False,True,False,False,False,False,False,False,False,False,False,False
0,3,male,-1.4024437086229846,3,2,-0.13402202250782205,S,Third,child,False,,Southampton,no,False,2.666916005090936,0,Child,-0.4416626671506454,child,High,1,False,False,True,False,False,True,True,False,False,False,False,True,False,False,False,False,True,False,False,False,False,False,False,False,False
1,1,female,1.5993242646781987,1,1,1.1208814702892296,S,First,woman,False,B,Southampton,yes,False,0.6933643386729765,0,Middle_Age,0.2572329377499293,woman,Very_High,0,False,False,True,True,False,False,False,False,False,True,False,False,False,True,False,False,False,True,False,True,False,False,False,False,False
1,3,male,-0.18744238609631528,0,0,-0.5020282106584818,S,Third,man,True,,Southampton,yes,True,-0.6223367722723301,1,Adult,-0.33590583693077525,man,Medium,1,False,False,True,False,False,True,False,False,True,False,False,False,True,False,False,True,False,False,False,False,False,False,False,False,False
0,1,male,0.5987349402444708,0,0,-0.6677385994748607,S,First,man,True,,Southampton,no,True,-0.6223367722723301,1,Middle_Age,-0.5642219844147939,man,Low,1,False,False,True,True,False,False,False,False,False,True,False,False,True,False,True,False,False,False,False,False,False,False,False,False,False
1,3,female,-0.18744238609631528,0,1,-0.4290965099528604,S,Third,woman,False,E,Southampton,yes,False,0.035513783200323175,0,Adult,-0.39982117980508924,woman,Medium,0,False,False,True,False,False,True,False,False,True,False,False,False,False,True,False,True,False,False,False,False,False,False,True,False,False
0,3,male,-1.9742090368708292,4,1,0.09146844885414819,S,Third,child,False,,Southampton,no,False,2.666916005090936,0,Child,-0.3898824538083102,child,Very_High,1,False,False,True,False,False,True,True,False,False,False,False,True,False,False,False,False,False,True,False,False,False,False,False,False,False
0,3,male,-0.3303837181582764,0,0,-0.5347876958934658,Q,Third,man,True,,Queenstown,no,True,-0.6223367722723301,1,Adult,-0.381041929579131,man,Low,1,False,True,False,False,False,True,False,False,True,False,False,False,True,False,True,False,False,False,False,False,False,False,False,False,False
0,3,male,-0.3303837181582764,0,0,0.4130049485184879,S,Third,man,True,,Southampton,no,True,-0.6223367722723301,1,Adult,0.9248289137124927,man,Very_High,1,False,False,True,False,False,True,False,False,True,False,False,False,True,False,False,False,False,True,False,False,False,False,False,False,False
1,2,male,-2.04567970290181,0,2,0.04013792229588093,C,Second,child,False,,Cherbourg,yes,False,0.6933643386729765,0,Child,-0.23911736162583297,child,Very_High,1,True,False,False,False,True,False,True,False,False,False,False,True,False,False,False,False,False,True,False,False,False,False,False,False,False
1,3,male,-0.3303837181582764,0,0,-0.5194839947617944,Q,Third,man,True,,Queenstown,yes,True,-0.6223367722723301,1,Adult,-0.359956455641213,man,Low,1,False,True,False,False,False,True,False,False,True,False,False,False,True,False,True,False,False,False,False,False,False,False,False,False,False
1,1,female,2.3140309249880042,0,0,0.8626315136922753,S,First,woman,False,B,,yes,True,-0.6223367722723301,1,Senior,1.5443254093770087,woman,Very_High,0,False,False,True,True,False,False,False,False,False,False,True,False,False,True,False,False,False,True,False,True,False,False,False,False,False
1,3,female,-1.0450903784680818,1,0,-0.3912351533531055,C,Third,child,False,,Cherbourg,yes,False,0.035513783200323175,0,Teen,-0.37373844854388466,child,Medium,0,True,False,False,False,False,True,False,True,False,False,False,True,False,False,False,True,False,False,False,False,False,False,False,False,False
1,2,male,-2.0578297161270767,1,1,-0.3090581042013132,S,Second,child,False,,Southampton,yes,False,0.6933643386729765,0,Child,-0.3994917192748093,child,High,1,False,False,True,False,True,False,True,False,False,False,False,True,False,False,False,False,True,False,False,False,False,False,False,False,False
0,3,male,-0.47332505022023746,0,0,-0.5174906876893942,S,Third,man,True,,Southampton,no,True,-0.6223367722723301,1,Adult,-0.3572100726607992,man,Low,1,False,False,True,False,False,True,False,False,True,False,False,False,True,False,True,False,False,False,False,False,False,False,False,False,False
0,3,male,-0.8306783803751403,0,0,-0.5089627002337703,S,Third,man,True,,Southampton,no,True,-0.6223367722723301,1,Teen,-0.34546019230889435,man,Medium,1,False,False,True,False,False,True,False,True,False,False,False,False,True,False,False,True,False,False,False,False,False,False,False,False,False
1,1,female,0.6702056062754514,1,1,0.9230486127974724,C,First,woman,False,E,Cherbourg,yes,False,0.6933643386729765,0,Middle_Age,0.16637475199002633,woman,Very_High,0,True,False,False,True,False,False,False,False,False,True,False,False,False,True,False,False,False,True,False,False,False,False,True,False,False
0,3,male,-0.6162663822821985,0,0,-0.5020282106584818,S,Third,man,True,,Southampton,no,True,-0.6223367722723301,1,Adult,-0.33590583693077525,man,Medium,1,False,False,True,False,False,True,False,False,True,False,False,False,True,False,False,True,False,False,False,False,False,False,False,False,False
1,1,male,0.741676272306432,0,0,-0.09958869496156147,C,First,man,True,C,Cherbourg,yes,True,-0.6223367722723301,1,Middle_Age,0.21857623553041283,man,High,1,True,False,False,True,False,False,False,False,False,True,False,False,True,False,False,False,True,False,False,False,True,False,False,False,False
0,3,male,-0.6877370483131792,0,0,-0.5161363101392413,S,Third,man,True,,Southampton,no,True,-0.6223367722723301,1,Adult,-0.3553440082172934,man,Low,1,False,False,True,False,False,True,False,False,True,False,False,False,True,False,True,False,False,False,False,False,False,False,False,False,False
0,2,male,-0.9736197124371013,0,0,-0.4668775221216741,S,Second,man,True,,Southampton,no,True,-0.6223367722723301,1,Teen,-0.2874751389796198,man,Medium,1,False,False,True,False,True,False,False,True,False,False,False,False,True,False,False,True,False,False,False,False,False,False,False,False,False
1,1,female,0.026969611996626397,0,0,-0.0747201806225955,C,First,woman,False,,Cherbourg,yes,True,-0.6223367722723301,1,Adult,0.25284013067952965,woman,High,0,True,False,False,True,False,False,False,False,True,False,False,False,False,True,False,False,True,False,False,False,False,False,False,False,False
0,3,male,0.3485876091360389,0,0,-0.5445916294309427,C,Third,man,True,,Cherbourg,no,True,-0.6223367722723301,1,Adult,-0.39454981132060973,man,Low,1,True,False,False,False,False,True,False,False,True,False,False,False,True,False,True,False,False,False,False,False,False,False,False,False,False
0,3,male,0.8846176043683931,0,0,-0.5233099200447122,S,Third,man,True,,Southampton,no,True,-0.6223367722723301,1,Middle_Age,-0.3652278241256925,man,Low,1,False,False,True,False,False,True,False,False,False,True,False,False,True,False,True,False,False,False,False,False,False,False,False,False,False
0,3,male,0.3843229421515292,0,0,-0.5166948952305473,C,Third,man,True,,Cherbourg,no,True,-0.6223367722723301,1,Adult,-0.3561136280160274,man,Low,1,True,False,False,False,False,True,False,False,True,False,False,False,True,False,True,False,False,False,False,False,False,False,False,False,False
0,2,male,-0.11597172006533471,0,1,-0.03646092779341709,S,Second,man,True,,Southampton,no,False,0.035513783200323175,0,Adult,-0.1293340844452346,man,High,1,False,False,True,False,True,False,False,False,True,False,False,False,True,False,False,False,True,False,False,False,False,False,False,False,False
1,1,female,0.3843229421515292,1,0,1.0367914584959785,C,First,woman,False,C,Cherbourg,yes,False,0.035513783200323175,0,Adult,0.6100306948721034,woman,Very_High,0,True,False,False,True,False,False,False,False,True,False,False,False,False,True,False,False,False,True,False,False,True,False,False,False,False
0,3,male,-1.8312677048088681,4,2,-0.06945953335858349,S,Third,child,False,,Southampton,no,False,3.324766560563589,0,Child,-0.44646337773472494,child,High,1,False,False,True,False,False,True,True,False,False,False,False,True,False,False,False,False,True,False,False,False,False,False,False,False,False
0,3,male,3.171678917359771,0,0,-0.5190057541014297,S,Third,man,True,,Southampton,no,True,-0.6223367722723301,1,Senior,-0.35929753458065306,man,Low,1,False,False,True,False,False,True,False,False,False,False,True,False,True,False,True,False,False,False,False,False,False,False,False,False,False
0,3,female,-1.4739143746539654,1,1,-0.3760921410833167,C,Third,child,False,,Cherbourg,no,False,0.6933643386729765,0,Child,-0.4302782683469978,child,Medium,0,True,False,False,False,False,True,True,False,False,False,False,True,False,False,False,True,False,False,False,False,False,False,False,False,False
1,1,female,-0.9736197124371013,0,1,0.08596868125995377,S,First,woman,False,D,Southampton,yes,False,0.035513783200323175,0,Teen,-0.044992188693562495,woman,Very_High,0,False,False,True,True,False,False,False,True,False,False,False,False,False,True,False,False,False,True,False,False,False,True,False,False,False
0,2,female,1.0275589364303541,1,0,-0.1703683126955415,S,Second,woman,False,,Southampton,no,False,0.035513783200323175,0,Middle_Age,-0.22158303292362594,woman,High,0,False,False,True,False,True,False,False,False,False,True,False,False,False,True,False,False,True,False,False,False,False,False,False,False,False
1,3,female,-0.8306783803751403,0,1,-0.48887659249845167,S,Third,woman,False,,Southampton,yes,False,0.035513783200323175,0,Teen,-0.44100374609008536,woman,Medium,0,False,False,True,False,False,True,False,True,False,False,False,False,False,True,False,True,False,False,False,False,False,False,False,False,False
1,1,female,1.0990296024613346,1,1,2.4860997797312927,S,First,woman,False,,Southampton,yes,False,0.6933643386729765,0,Middle_Age,0.8842332264521019,woman,Very_High,0,False,False,True,True,False,False,False,False,False,True,False,False,False,True,False,False,False,True,False,False,False,False,False,False,False
1,1,male,1.5278535986472181,0,0,-0.15984701816751742,S,First,man,True,E,Southampton,yes,True,-0.6223367722723301,1,Middle_Age,0.13555218189986065,man,High,1,False,False,True,True,False,False,False,False,False,True,False,False,True,False,False,False,True,False,False,False,False,False,True,False,False
1,3,female,-0.40185438418925695,0,3,-0.29933451509477754,C,Third,woman,False,,Cherbourg,yes,False,1.3512148941456297,0,Adult,-0.4373249898089792,woman,High,0,True,False,False,False,False,True,False,False,True,False,False,False,False,True,False,False,True,False,False,False,False,False,False,False,False
0,3,male,0.8131469383374125,2,0,-0.39785209112991193,S,Third,man,True,,Southampton,no,False,0.6933643386729765,0,Middle_Age,-0.44027190443215686,man,Medium,1,False,False,True,False,False,True,False,False,False,True,False,False,True,False,False,True,False,False,False,False,False,False,False,False,False
0,2,male,-0.6162663822821985,1,0,-0.4477478957070849,S,Second,man,True,,Southampton,no,False,0.035513783200323175,0,Adult,-0.41267014048600803,man,Medium,1,False,False,True,False,True,False,False,False,True,False,False,False,True,False,False,True,False,False,False,False,False,False,False,False,False
1,1,female,1.3134416005542764,0,0,-0.1717226902456944,S,First,woman,False,D,Southampton,yes,True,-0.6223367722723301,1,Middle_Age,0.11918985412403628,woman,High,0,False,False,True,True,False,False,False,False,False,True,False,False,False,True,False,False,True,False,False,False,False,True,False,False,False
0,2,male,-0.40185438418925695,0,0,-0.4190534560852011,S,Second,man,True,,Southampton,no,True,-0.6223367722723301,1,Adult,-0.22158303292362594,man,Medium,1,False,False,True,False,True,False,False,False,True,False,False,False,True,False,False,True,False,False,False,False,False,False,False,False,False
1,2,female,0.8846176043683931,0,0,-0.4190534560852011,S,Second,woman,False,,Southampton,yes,True,-0.6223367722723301,1,Middle_Age,-0.22158303292362594,woman,Medium,0,False,False,True,False,True,False,False,False,False,True,False,False,False,True,False,True,False,False,False,False,False,False,False,False,False
1,2,female,-0.18744238609631528,1,0,-0.4026344977335592,C,Second,woman,False,,Cherbourg,yes,False,0.035513783200323175,0,Adult,-0.381591469743638,woman,Medium,0,True,False,False,False,True,False,False,False,True,False,False,False,False,True,False,True,False,False,False,False,False,False,False,False,False
0,1,male,0.09844027802760695,0,0,0.2982271900309527,S,First,man,True,A,Southampton,no,True,-0.6223367722723301,1,Adult,0.7666878591781076,man,Very_High,1,False,False,True,True,False,False,False,False,True,False,False,False,True,False,False,False,False,True,True,False,False,False,False,False,False
0,3,male,-0.3303837181582764,0,0,-0.4860071485362633,S,Third,man,True,,Southampton,no,True,-0.6223367722723301,1,Adult,-0.3138319814020173,man,Medium,1,False,False,True,False,False,True,False,False,True,False,False,False,True,False,False,True,False,False,False,False,False,False,False,False,False
1,3,male,-1.8312677048088681,1,1,-0.45476272971331483,S,Third,child,False,,Southampton,yes,False,0.6933643386729765,0,Child,-0.46640910650103445,child,Medium,1,False,False,True,False,False,True,True,False,False,False,False,True,False,False,False,True,False,False,False,False,False,False,False,False,False
1,1,female,1.2419709345232959,1,1,0.3376036130427431,S,First,woman,False,D,Southampton,yes,False,0.6933643386729765,0,Middle_Age,-0.10250106173640575,woman,Very_High,0,False,False,True,True,False,False,False,False,False,True,False,False,False,True,False,False,False,True,False,False,False,True,False,False,False
0,1,male,0.24138161008956807,0,0,-0.5720904674019147,S,First,man,True,B,Southampton,no,True,-0.6223367722723301,1,Adult,-0.4324377723028062,man,Low,1,False,False,True,True,False,False,False,False,True,False,False,False,True,False,True,False,False,False,False,True,False,False,False,False,False
0,3,male,1.2419709345232959,0,0,-0.49557196174355794,S,Third,man,True,,Southampton,no,True,-0.6223367722723301,1,Middle_Age,-0.32701040261321607,man,Medium,1,False,False,True,False,False,True,False,False,False,True,False,False,True,False,False,True,False,False,False,False,False,False,False,False,False
1,2,female,-0.11597172006533471,1,0,-0.2086275655247199,C,Second,woman,False,,Cherbourg,yes,False,0.035513783200323175,0,Adult,-0.24793987534602346,woman,High,0,True,False,False,False,True,False,False,False,True,False,False,False,False,True,False,False,True,False,False,False,False,False,False,False,False
1,3,female,-1.0450903784680818,0,0,-0.5295270486294538,C,Third,child,False,,Cherbourg,yes,True,-0.6223367722723301,1,Teen,-0.3737937979129717,child,Low,0,True,False,False,False,False,True,False,True,False,False,False,True,False,False,True,False,False,False,False,False,False,False,False,False,False
0,3,male,-0.6877370483131792,0,0,-0.4793921237220984,S,Third,man,True,,Southampton,no,True,-0.6223367722723301,1,Adult,-0.3047177852923522,man,Medium,1,False,False,True,False,False,True,False,False,True,False,False,False,True,False,False,True,False,False,False,False,False,False,False,False,False
1,1,female,1.885206928802121,0,1,0.9230486127974724,C,First,woman,False,C,Cherbourg,yes,False,0.035513783200323175,0,Middle_Age,0.5316731201924365,woman,Very_High,0,True,False,False,True,False,False,False,False,False,True,False,False,False,True,False,False,False,True,False,False,True,False,False,False,False
1,2,female,-0.3303837181582764,0,1,-0.1703683126955415,S,Second,woman,False,,Southampton,yes,False,0.035513783200323175,0,Adult,-0.22158303292362594,woman,High,0,False,False,True,False,True,False,False,False,True,False,False,False,False,True,False,False,True,False,False,False,False,False,False,False,False
0,3,male,0.24138161008956807,0,0,-0.5166948952305473,S,Third,man,True,,Southampton,no,True,-0.6223367722723301,1,Adult,-0.3561136280160274,man,Low,1,False,False,True,False,False,True,False,False,True,False,False,False,True,False,True,False,False,False,False,False,False,False,False,False,False
0,3,female,-0.544795716251218,0,0,-0.46655805736055045,S,Third,woman,False,,Southampton,no,True,-0.6223367722723301,1,Adult,-0.2870349797111657,woman,Medium,0,False,False,True,False,False,True,False,False,True,False,False,False,False,True,False,True,False,False,False,False,False,False,False,False,False
0,2,male,-0.11597172006533471,0,0,-0.4668775221216741,S,Second,man,True,,Southampton,no,True,-0.6223367722723301,1,Adult,-0.2874751389796198,man,Medium,1,False,False,True,False,True,False,False,False,True,False,False,False,True,False,False,True,False,False,False,False,False,False,False,False,False
0,3,female,0.6702056062754514,0,5,-0.11058823014995024,Q,Third,woman,False,,Queenstown,no,False,2.666916005090936,0,Middle_Age,-0.4362814784894058,woman,High,0,False,True,False,False,False,True,False,False,False,True,False,False,False,True,False,False,True,False,False,False,False,False,False,False,False
1,1,female,-0.7592077143441597,0,0,-0.0938498070371847,S,First,woman,False,B,Southampton,yes,True,-0.6223367722723301,1,Adult,0.22648328825713213,woman,High,0,False,False,True,True,False,False,False,False,True,False,False,False,False,True,False,False,True,False,False,True,False,False,False,False,False
0,3,female,-0.5805310492667083,1,2,-0.21914886005274398,S,Third,woman,False,,Southampton,no,False,1.3512148941456297,0,Adult,-0.40970499571348834,woman,High,0,False,False,True,False,False,True,False,False,True,False,False,False,False,True,False,False,True,False,False,False,False,False,False,False,False
1,1,male,-0.2589130521272958,0,0,-0.0938498070371847,C,First,man,True,C,Cherbourg,yes,True,-0.6223367722723301,1,Adult,0.22648328825713213,man,High,1,True,False,False,True,False,False,False,False,True,False,False,False,True,False,False,False,True,False,False,False,True,False,False,False,False
0,3,male,0.1699109440585875,0,0,-0.5194839947617944,Q,Third,man,True,,Queenstown,no,True,-0.6223367722723301,1,Adult,-0.359956455641213,man,Low,1,False,True,False,False,False,True,False,False,True,False,False,False,True,False,True,False,False,False,False,False,False,False,False,False,False
